date,filename,filename_id,fish_detected,confidence,actual_class,predicted_class,reason
2025-01-07,2025-01-07_11_14_10_(18642)_mackerel_input.jpeg,(18642)_(1),2,[    0.95411     0.95154],Bad,Good,0.2868092
2025-01-07,2025-01-07_11_14_10_(18642)_mackerel_input.jpeg,(18642)_(2),2,[    0.95411     0.95154],Bad,Good,0.96386766
2025-01-07,2025-01-07_11_13_58_(18640)_mackerel_input.jpeg,(18640)_(1),2,[    0.94833       0.953],Good,Good,0.96897733
2025-01-07,2025-01-07_11_13_58_(18640)_mackerel_input.jpeg,(18640)_(2),2,[    0.94833       0.953],Good,Good,0.96888095
2025-01-07,2025-01-07_11_09_15_(18613)_mackerel_input.jpeg,(18613)_(1),2,[     0.9507     0.95924],Good,Good,0.9764097
2025-01-07,2025-01-07_11_09_15_(18613)_mackerel_input.jpeg,(18613)_(2),2,[     0.9507     0.95924],Good,Good,0.98876745
2025-01-07,2025-01-07_11_06_05_(18607)_mackerel_input.jpeg,(18607)_(1),2,[    0.94788      0.9576],Good,Good,0.99064374
2025-01-07,2025-01-07_11_06_05_(18607)_mackerel_input.jpeg,(18607)_(2),2,[    0.94788      0.9576],Good,Good,0.96824616
2025-01-07,2025-01-07_11_09_23_(18614)_mackerel_input.jpeg,(18614)_(1),2,[    0.92663     0.93828],Good,Good,0.96796185
2025-01-07,2025-01-07_11_09_23_(18614)_mackerel_input.jpeg,(18614)_(2),2,[    0.92663     0.93828],Good,Good,0.97752666
2025-01-07,2025-01-07_11_05_24_(18603)_mackerel_input.jpeg,(18603)_(1),2,[    0.94541     0.95164],Good,Good,0.9050963
2025-01-07,2025-01-07_11_05_24_(18603)_mackerel_input.jpeg,(18603)_(2),2,[    0.94541     0.95164],Good,Good,0.9645307
2025-01-07,2025-01-07_10_52_56_(18545)_mackerel_input.jpeg,(18545)_(1),2,[    0.94058     0.94416],Good,Good,0.98337805
2025-01-07,2025-01-07_10_52_56_(18545)_mackerel_input.jpeg,(18545)_(2),2,[    0.94058     0.94416],Good,Good,0.9424578
2025-01-07,2025-01-07_11_11_22_(18625)_mackerel_input.jpeg,(18625)_(1),2,[    0.95091      0.9538],Good,Good,0.97515327
2025-01-07,2025-01-07_11_11_22_(18625)_mackerel_input.jpeg,(18625)_(2),2,[    0.95091      0.9538],Good,Good,0.90140927
2025-01-07,2025-01-07_10_52_45_(18543)_mackerel_input.jpeg,(18543)_(1),2,[    0.95428     0.94343],Good,Good,0.9891855
2025-01-07,2025-01-07_10_52_45_(18543)_mackerel_input.jpeg,(18543)_(2),2,[    0.95428     0.94343],Good,Good,0.39083645
2025-01-07,2025-01-07_10_56_47_(18561)_mackerel_input.jpeg,(18561)_(1),2,[    0.94695     0.93819],Good,Good,0.9827243
2025-01-07,2025-01-07_10_56_47_(18561)_mackerel_input.jpeg,(18561)_(2),2,[    0.94695     0.93819],Good,Good,0.9860085
2025-01-07,2025-01-07_10_54_36_(18551)_mackerel_input.jpeg,(18551)_(1),2,[    0.96527     0.95872],Good,Good,0.9690917
2025-01-07,2025-01-07_10_54_36_(18551)_mackerel_input.jpeg,(18551)_(2),2,[    0.96527     0.95872],Good,Good,0.9151901
2025-01-07,2025-01-07_11_12_24_(18631)_mackerel_input.jpeg,(18631)_(1),2,[    0.94048     0.95085],Good,Good,0.984367
2025-01-07,2025-01-07_11_12_24_(18631)_mackerel_input.jpeg,(18631)_(2),2,[    0.94048     0.95085],Good,Good,0.9524888
2025-01-07,2025-01-07_11_01_23_(18582)_mackerel_input.jpeg,(18582)_(1),2,[    0.95413     0.95218],Good,Good,0.9887917
2025-01-07,2025-01-07_11_01_23_(18582)_mackerel_input.jpeg,(18582)_(2),2,[    0.95413     0.95218],Good,Good,0.96744454
2025-01-07,2025-01-07_11_06_14_(18608)_mackerel_input.jpeg,(18608)_(1),2,[    0.95485     0.94531],Good,Good,0.98387176
2025-01-07,2025-01-07_11_06_14_(18608)_mackerel_input.jpeg,(18608)_(2),2,[    0.95485     0.94531],Good,Good,0.98635745
2025-01-07,2025-01-07_11_04_24_(18597)_mackerel_input.jpeg,(18597)_(1),2,[    0.93737       0.948],Good,Good,0.9819855
2025-01-07,2025-01-07_11_04_24_(18597)_mackerel_input.jpeg,(18597)_(2),2,[    0.93737       0.948],Good,Good,0.9758491
2025-01-07,2025-01-07_11_03_10_(18591)_mackerel_input.jpeg,(18591)_(1),2,[    0.95712     0.95394],Good,Good,0.9682831
2025-01-07,2025-01-07_11_03_10_(18591)_mackerel_input.jpeg,(18591)_(2),2,[    0.95712     0.95394],Good,Good,0.98554444
2025-01-07,2025-01-07_11_06_49_(18611)_mackerel_input.jpeg,(18611)_(1),2,[    0.94259     0.94537],Good,Good,0.9702305
2025-01-07,2025-01-07_11_06_49_(18611)_mackerel_input.jpeg,(18611)_(2),2,[    0.94259     0.94537],Good,Good,0.95641106
2025-01-07,2025-01-07_11_10_26_(18620)_mackerel_input.jpeg,(18620)_(1),2,[    0.95352     0.94741],Good,Good,0.9873601
2025-01-07,2025-01-07_11_10_26_(18620)_mackerel_input.jpeg,(18620)_(2),2,[    0.95352     0.94741],Good,Good,0.98568064
2025-01-07,2025-01-07_11_10_36_(18621)_mackerel_input.jpeg,(18621)_(1),2,[    0.95325     0.94057],Good,Good,0.9793214
2025-01-07,2025-01-07_11_10_36_(18621)_mackerel_input.jpeg,(18621)_(2),2,[    0.95325     0.94057],Good,Good,0.97925794
2025-01-07,2025-01-07_11_00_49_(18578)_mackerel_input.jpeg,(18578)_(1),2,[    0.96004     0.94714],Good,Good,0.9238856
2025-01-07,2025-01-07_11_00_49_(18578)_mackerel_input.jpeg,(18578)_(2),2,[    0.96004     0.94714],Good,Good,0.9312308
2025-01-07,2025-01-07_11_01_14_(18581)_mackerel_input.jpeg,(18581)_(1),2,[    0.94116     0.95616],Good,Good,0.9883704
2025-01-07,2025-01-07_11_01_14_(18581)_mackerel_input.jpeg,(18581)_(2),2,[    0.94116     0.95616],Good,Good,0.9899608
2025-01-07,2025-01-07_10_56_54_(18562)_mackerel_input.jpeg,(18562)_(1),2,[    0.94492     0.94962],Good,Good,0.98267674
2025-01-07,2025-01-07_10_56_54_(18562)_mackerel_input.jpeg,(18562)_(2),2,[    0.94492     0.94962],Good,Good,0.90606546
2025-01-07,2025-01-07_11_01_40_(18584)_mackerel_input.jpeg,(18584)_(1),2,[    0.94997     0.92603],Good,Good,0.88406515
2025-01-07,2025-01-07_11_01_40_(18584)_mackerel_input.jpeg,(18584)_(2),2,[    0.94997     0.92603],Good,Good,0.96333224
2025-01-07,2025-01-07_10_58_43_(18568)_mackerel_input.jpeg,(18568)_(1),2,[    0.94828     0.94767],Good,Good,0.93641317
2025-01-07,2025-01-07_10_58_43_(18568)_mackerel_input.jpeg,(18568)_(2),2,[    0.94828     0.94767],Good,Good,0.975856
2025-01-07,2025-01-07_10_59_01_(18570)_mackerel_input.jpeg,(18570)_(1),2,[      0.944     0.94957],Good,Good,0.9879256
2025-01-07,2025-01-07_10_59_01_(18570)_mackerel_input.jpeg,(18570)_(2),2,[      0.944     0.94957],Good,Good,0.2735649
2025-01-07,2025-01-07_10_55_13_(18556)_mackerel_input.jpeg,(18556)_(1),2,[    0.95187     0.94953],Good,Good,0.9505661
2025-01-07,2025-01-07_10_55_13_(18556)_mackerel_input.jpeg,(18556)_(2),2,[    0.95187     0.94953],Good,Good,0.9486233
2025-01-07,2025-01-07_11_11_00_(18623)_mackerel_input.jpeg,(18623)_(1),2,[    0.95156     0.95168],Good,Good,0.98558146
2025-01-07,2025-01-07_11_11_00_(18623)_mackerel_input.jpeg,(18623)_(2),2,[    0.95156     0.95168],Good,Good,0.9730785
2025-01-07,2025-01-07_11_10_14_(18619)_mackerel_input.jpeg,(18619)_(1),2,[    0.93371     0.93734],Good,Good,0.98817295
2025-01-07,2025-01-07_11_10_14_(18619)_mackerel_input.jpeg,(18619)_(2),2,[    0.93371     0.93734],Good,Good,0.9858565
2025-01-07,2025-01-07_10_57_20_(18564)_mackerel_input.jpeg,(18564)_(1),2,[    0.94593     0.95474],Good,Good,0.93687314
2025-01-07,2025-01-07_10_57_20_(18564)_mackerel_input.jpeg,(18564)_(2),2,[    0.94593     0.95474],Good,Good,0.94540954
2025-01-07,2025-01-07_10_56_29_(18559)_mackerel_input.jpeg,(18559)_(1),2,[     0.9376     0.95259],Good,Good,0.871904
2025-01-07,2025-01-07_10_56_29_(18559)_mackerel_input.jpeg,(18559)_(2),2,[     0.9376     0.95259],Good,Good,0.98526424
2025-01-07,2025-01-07_10_53_08_(18546)_mackerel_input.jpeg,(18546)_(1),2,[    0.94782     0.94196],Good,Good,0.98033786
2025-01-07,2025-01-07_10_53_08_(18546)_mackerel_input.jpeg,(18546)_(2),2,[    0.94782     0.94196],Good,Good,0.96937215
2025-01-07,2025-01-07_10_59_47_(18575)_mackerel_input.jpeg,(18575)_(1),2,[    0.94587     0.94534],Good,Good,0.9642602
2025-01-07,2025-01-07_10_59_47_(18575)_mackerel_input.jpeg,(18575)_(2),2,[    0.94587     0.94534],Good,Good,0.97622025
2025-01-07,2025-01-07_11_00_05_(18577)_mackerel_input.jpeg,(18577)_(1),2,[    0.94179     0.93521],Good,Good,0.92487586
2025-01-07,2025-01-07_11_00_05_(18577)_mackerel_input.jpeg,(18577)_(2),2,[    0.94179     0.93521],Good,Good,0.97881037
2025-01-07,2025-01-07_11_00_58_(18579)_mackerel_input.jpeg,(18579)_(1),2,[    0.94912     0.94923],Good,Good,0.7451227
2025-01-07,2025-01-07_11_00_58_(18579)_mackerel_input.jpeg,(18579)_(2),2,[    0.94912     0.94923],Good,Good,0.93543816
2025-01-07,2025-01-07_10_51_26_(18541)_mackerel_input.jpeg,(18541)_(1),2,[    0.92352     0.93964],Good,Good,0.98207766
2025-01-07,2025-01-07_10_51_26_(18541)_mackerel_input.jpeg,(18541)_(2),2,[    0.92352     0.93964],Good,Good,0.7896333
2025-01-07,2025-01-07_11_06_37_(18610)_mackerel_input.jpeg,(18610)_(1),2,[    0.96202     0.94268],Good,Good,0.98541427
2025-01-07,2025-01-07_11_06_37_(18610)_mackerel_input.jpeg,(18610)_(2),2,[    0.96202     0.94268],Good,Good,0.96286273
2025-01-07,2025-01-07_10_53_33_(18549)_mackerel_input.jpeg,(18549)_(1),2,[    0.95066     0.94501],Good,Good,0.9834641
2025-01-07,2025-01-07_10_53_33_(18549)_mackerel_input.jpeg,(18549)_(2),2,[    0.95066     0.94501],Good,Good,0.46167523
2025-01-07,2025-01-07_11_14_04_(18641)_mackerel_input.jpeg,(18641)_(1),2,[    0.94384     0.94142],Good,Good,0.94855255
2025-01-07,2025-01-07_11_14_04_(18641)_mackerel_input.jpeg,(18641)_(2),2,[    0.94384     0.94142],Good,Good,0.984584
2025-01-07,2025-01-07_11_12_52_(18634)_mackerel_input.jpeg,(18634)_(1),2,[    0.95631     0.94952],Good,Good,0.9725412
2025-01-07,2025-01-07_11_12_52_(18634)_mackerel_input.jpeg,(18634)_(2),2,[    0.95631     0.94952],Good,Good,0.95621043
2025-01-07,2025-01-07_11_13_54_(18639)_mackerel_input.jpeg,(18639)_(1),2,[    0.94024     0.94479],Good,Good,0.98525256
2025-01-07,2025-01-07_11_13_54_(18639)_mackerel_input.jpeg,(18639)_(2),2,[    0.94024     0.94479],Good,Good,0.97494143
2025-01-07,2025-01-07_11_05_13_(18602)_mackerel_input.jpeg,(18602)_(1),2,[    0.95451     0.95464],Good,Good,0.96621054
2025-01-07,2025-01-07_11_05_13_(18602)_mackerel_input.jpeg,(18602)_(2),2,[    0.95451     0.95464],Good,Good,0.95388347
2025-01-07,2025-01-07_11_12_33_(18632)_mackerel_input.jpeg,(18632)_(1),2,[      0.942     0.94938],Good,Good,0.89454573
2025-01-07,2025-01-07_11_12_33_(18632)_mackerel_input.jpeg,(18632)_(2),2,[      0.942     0.94938],Good,Good,0.98657244
2025-01-07,2025-01-07_11_11_10_(18624)_mackerel_input.jpeg,(18624)_(1),2,[    0.94445     0.95481],Good,Good,0.7471771
2025-01-07,2025-01-07_11_11_10_(18624)_mackerel_input.jpeg,(18624)_(2),2,[    0.94445     0.95481],Good,Good,0.92296803
2025-01-07,2025-01-07_10_58_53_(18569)_mackerel_input.jpeg,(18569)_(1),2,[    0.95081     0.95778],Good,Good,0.98107165
2025-01-07,2025-01-07_10_58_53_(18569)_mackerel_input.jpeg,(18569)_(2),2,[    0.95081     0.95778],Good,Good,0.93440473
2025-01-07,2025-01-07_11_04_35_(18598)_mackerel_input.jpeg,(18598)_(1),2,[    0.94484     0.94591],Good,Good,0.9850688
2025-01-07,2025-01-07_11_04_35_(18598)_mackerel_input.jpeg,(18598)_(2),2,[    0.94484     0.94591],Good,Good,0.98539704
2025-01-07,2025-01-07_11_10_06_(18618)_mackerel_input.jpeg,(18618)_(1),2,[    0.94771     0.95893],Good,Good,0.9014159
2025-01-07,2025-01-07_11_10_06_(18618)_mackerel_input.jpeg,(18618)_(2),2,[    0.94771     0.95893],Good,Good,0.98283285
2025-01-07,2025-01-07_11_02_25_(18586)_mackerel_input.jpeg,(18586)_(1),2,[    0.93914     0.95047],Good,Good,0.94321936
2025-01-07,2025-01-07_11_02_25_(18586)_mackerel_input.jpeg,(18586)_(2),2,[    0.93914     0.95047],Good,Good,0.9735778
2025-01-07,2025-01-07_10_57_47_(18565)_mackerel_input.jpeg,(18565)_(1),2,[    0.93874      0.9269],Good,Good,0.9500407
2025-01-07,2025-01-07_10_57_47_(18565)_mackerel_input.jpeg,(18565)_(2),2,[    0.93874      0.9269],Good,Good,0.98991203
2025-01-07,2025-01-07_11_05_57_(18606)_mackerel_input.jpeg,(18606)_(1),2,[    0.94448     0.95076],Good,Good,0.9766618
2025-01-07,2025-01-07_11_05_57_(18606)_mackerel_input.jpeg,(18606)_(2),2,[    0.94448     0.95076],Good,Good,0.9645021
2025-01-07,2025-01-07_11_11_53_(18628)_mackerel_input.jpeg,(18628)_(1),2,[     0.9465      0.9382],Good,Good,0.8740654
2025-01-07,2025-01-07_11_11_53_(18628)_mackerel_input.jpeg,(18628)_(2),2,[     0.9465      0.9382],Good,Good,0.9666359
2025-01-07,2025-01-07_10_54_42_(18552)_mackerel_input.jpeg,(18552)_(1),2,[    0.95837     0.95657],Good,Good,0.9753027
2025-01-07,2025-01-07_10_54_42_(18552)_mackerel_input.jpeg,(18552)_(2),2,[    0.95837     0.95657],Good,Good,0.9868082
2025-01-07,2025-01-07_10_53_25_(18548)_mackerel_input.jpeg,(18548)_(1),2,[    0.95093     0.96009],Good,Good,0.9799007
2025-01-07,2025-01-07_10_53_25_(18548)_mackerel_input.jpeg,(18548)_(2),2,[    0.95093     0.96009],Good,Good,0.96612334
2025-01-07,2025-01-07_11_10_46_(18622)_mackerel_input.jpeg,(18622)_(1),2,[    0.94367     0.93905],Good,Good,0.98788667
2025-01-07,2025-01-07_11_10_46_(18622)_mackerel_input.jpeg,(18622)_(2),2,[    0.94367     0.93905],Good,Good,0.9761517
2025-01-07,2025-01-07_11_05_47_(18605)_mackerel_input.jpeg,(18605)_(1),2,[    0.94618     0.94478],Good,Good,0.9777276
2025-01-07,2025-01-07_11_05_47_(18605)_mackerel_input.jpeg,(18605)_(2),2,[    0.94618     0.94478],Good,Good,0.97802436
2025-01-07,2025-01-07_10_54_30_(18550)_mackerel_input.jpeg,(18550)_(1),2,[    0.93971     0.94226],Good,Good,0.9641168
2025-01-07,2025-01-07_10_54_30_(18550)_mackerel_input.jpeg,(18550)_(2),2,[    0.93971     0.94226],Good,Good,0.98662585
2025-01-07,2025-01-07_11_02_42_(18588)_mackerel_input.jpeg,(18588)_(1),2,[    0.93912     0.94591],Good,Good,0.9814688
2025-01-07,2025-01-07_11_02_42_(18588)_mackerel_input.jpeg,(18588)_(2),2,[    0.93912     0.94591],Good,Good,0.9297172
2025-01-07,2025-01-07_10_56_39_(18560)_mackerel_input.jpeg,(18560)_(1),2,[    0.95223     0.94291],Good,Good,0.97138435
2025-01-07,2025-01-07_10_56_39_(18560)_mackerel_input.jpeg,(18560)_(2),2,[    0.95223     0.94291],Good,Good,0.9525591
2025-01-07,2025-01-07_10_52_36_(18542)_mackerel_input.jpeg,(18542)_(1),2,[    0.94694     0.94536],Good,Good,0.98080677
2025-01-07,2025-01-07_10_52_36_(18542)_mackerel_input.jpeg,(18542)_(2),2,[    0.94694     0.94536],Good,Good,0.98952734
2025-01-07,2025-01-07_11_13_28_(18638)_mackerel_input.jpeg,(18638)_(1),2,[    0.94897     0.93989],Good,Good,0.9627945
2025-01-07,2025-01-07_11_13_28_(18638)_mackerel_input.jpeg,(18638)_(2),2,[    0.94897     0.93989],Good,Good,0.98304653
2025-01-07,2025-01-07_10_55_28_(18558)_mackerel_input.jpeg,(18558)_(1),2,[    0.93918     0.95209],Good,Good,0.9531421
2025-01-07,2025-01-07_10_55_28_(18558)_mackerel_input.jpeg,(18558)_(2),2,[    0.93918     0.95209],Good,Good,0.9607329
2025-01-07,2025-01-07_11_01_47_(18585)_mackerel_input.jpeg,(18585)_(1),2,[    0.94097     0.94346],Good,Good,0.98127574
2025-01-07,2025-01-07_11_01_47_(18585)_mackerel_input.jpeg,(18585)_(2),2,[    0.94097     0.94346],Good,Good,0.95200145
2025-01-07,2025-01-07_11_02_32_(18587)_mackerel_input.jpeg,(18587)_(1),2,[    0.95212     0.93953],Good,Good,0.9687125
2025-01-07,2025-01-07_11_02_32_(18587)_mackerel_input.jpeg,(18587)_(2),2,[    0.95212     0.93953],Good,Bad,Softness-0.15243452787399292
2025-01-07,2025-01-07_10_55_06_(18555)_mackerel_input.jpeg,(18555)_(1),2,[    0.93265     0.94336],Good,Good,0.98274434
2025-01-07,2025-01-07_10_55_06_(18555)_mackerel_input.jpeg,(18555)_(2),2,[    0.93265     0.94336],Good,Good,0.9815632
2025-01-07,2025-01-07_11_13_09_(18636)_mackerel_input.jpeg,(18636)_(1),2,[    0.95184     0.95181],Good,Good,0.98666984
2025-01-07,2025-01-07_11_13_09_(18636)_mackerel_input.jpeg,(18636)_(2),2,[    0.95184     0.95181],Good,Good,0.94771314
2025-01-07,2025-01-07_10_51_00_(18537)_mackerel_input.jpeg,(18537)_(1),2,[    0.94815     0.94836],Good,Good,0.3742252
2025-01-07,2025-01-07_10_51_00_(18537)_mackerel_input.jpeg,(18537)_(2),2,[    0.94815     0.94836],Good,Good,0.88005364
2025-01-07,2025-01-07_11_02_58_(18590)_mackerel_input.jpeg,(18590)_(1),2,[    0.95748     0.95626],Good,Good,0.9748289
2025-01-07,2025-01-07_11_02_58_(18590)_mackerel_input.jpeg,(18590)_(2),2,[    0.95748     0.95626],Good,Good,0.94785345
2025-01-07,2025-01-07_10_59_30_(18573)_mackerel_input.jpeg,(18573)_(1),2,[    0.94789     0.94712],Good,Good,0.98482305
2025-01-07,2025-01-07_10_59_30_(18573)_mackerel_input.jpeg,(18573)_(2),2,[    0.94789     0.94712],Good,Good,0.96865094
2025-01-07,2025-01-07_11_06_25_(18609)_mackerel_input.jpeg,(18609)_(1),2,[    0.91817     0.94288],Good,Good,0.9876797
2025-01-07,2025-01-07_11_06_25_(18609)_mackerel_input.jpeg,(18609)_(2),2,[    0.91817     0.94288],Good,Good,0.87093955
2025-01-07,2025-01-07_10_52_49_(18544)_mackerel_input.jpeg,(18544)_(1),2,[     0.9531     0.94684],Good,Good,0.9779943
2025-01-07,2025-01-07_10_52_49_(18544)_mackerel_input.jpeg,(18544)_(2),2,[     0.9531     0.94684],Good,Good,0.9470794
2025-01-07,2025-01-07_10_59_38_(18574)_mackerel_input.jpeg,(18574)_(1),2,[     0.9442      0.9478],Good,Good,0.89298725
2025-01-07,2025-01-07_10_59_38_(18574)_mackerel_input.jpeg,(18574)_(2),2,[     0.9442      0.9478],Good,Good,0.97207195
2025-01-07,2025-01-07_11_05_05_(18601)_mackerel_input.jpeg,(18601)_(1),2,[    0.95152     0.95715],Good,Good,0.99040043
2025-01-07,2025-01-07_11_05_05_(18601)_mackerel_input.jpeg,(18601)_(2),2,[    0.95152     0.95715],Good,Good,0.859195
2025-01-07,2025-01-07_10_53_13_(18547)_mackerel_input.jpeg,(18547)_(1),2,[    0.94596     0.93864],Good,Good,0.98053586
2025-01-07,2025-01-07_10_53_13_(18547)_mackerel_input.jpeg,(18547)_(2),2,[    0.94596     0.93864],Good,Good,0.9900632
2025-01-07,2025-01-07_11_01_07_(18580)_mackerel_input.jpeg,(18580)_(1),2,[     0.9481     0.93084],Good,Good,0.9438508
2025-01-07,2025-01-07_11_01_07_(18580)_mackerel_input.jpeg,(18580)_(2),2,[     0.9481     0.93084],Good,Good,0.94420743
2025-01-07,2025-01-07_11_03_35_(18593)_mackerel_input.jpeg,(18593)_(1),2,[    0.94239     0.95136],Good,Good,0.9888909
2025-01-07,2025-01-07_11_03_35_(18593)_mackerel_input.jpeg,(18593)_(2),2,[    0.94239     0.95136],Good,Good,0.97499406
2025-01-07,2025-01-07_11_14_43_(18645)_mackerel_input.jpeg,(18645)_(1),2,[    0.95674     0.95318],Good,Good,0.9861326
2025-01-07,2025-01-07_11_14_43_(18645)_mackerel_input.jpeg,(18645)_(2),2,[    0.95674     0.95318],Good,Good,0.9879954
2025-01-07,2025-01-07_11_03_24_(18592)_mackerel_input.jpeg,(18592)_(1),2,[    0.94035      0.9395],Good,Good,0.9743664
2025-01-07,2025-01-07_11_03_24_(18592)_mackerel_input.jpeg,(18592)_(2),2,[    0.94035      0.9395],Good,Good,0.94594485
2025-01-07,2025-01-07_10_59_11_(18571)_mackerel_input.jpeg,(18571)_(1),2,[    0.94207     0.94673],Good,Good,0.9582451
2025-01-07,2025-01-07_10_59_11_(18571)_mackerel_input.jpeg,(18571)_(2),2,[    0.94207     0.94673],Good,Good,0.97172165
2025-01-07,2025-01-07_10_54_51_(18553)_mackerel_input.jpeg,(18553)_(1),2,[    0.94608     0.95792],Good,Good,0.90862566
2025-01-07,2025-01-07_10_54_51_(18553)_mackerel_input.jpeg,(18553)_(2),2,[    0.94608     0.95792],Good,Good,0.93751156
2025-01-07,2025-01-07_11_05_32_(18604)_mackerel_input.jpeg,(18604)_(1),2,[    0.94397     0.95349],Good,Good,0.7613421
2025-01-07,2025-01-07_11_05_32_(18604)_mackerel_input.jpeg,(18604)_(2),2,[    0.94397     0.95349],Good,Good,0.84176624
2025-01-07,2025-01-07_11_12_03_(18629)_mackerel_input.jpeg,(18629)_(1),2,[     0.9504      0.9539],Good,Good,0.9829393
2025-01-07,2025-01-07_11_12_03_(18629)_mackerel_input.jpeg,(18629)_(2),2,[     0.9504      0.9539],Good,Good,0.9739348
2025-01-07,2025-01-07_11_13_01_(18635)_mackerel_input.jpeg,(18635)_(1),2,[    0.94824     0.94962],Good,Good,0.9832105
2025-01-07,2025-01-07_11_13_01_(18635)_mackerel_input.jpeg,(18635)_(2),2,[    0.94824     0.94962],Good,Good,0.99007
2025-01-07,2025-01-07_11_02_49_(18589)_mackerel_input.jpeg,(18589)_(1),2,[    0.93521     0.94814],Good,Good,0.89843136
2025-01-07,2025-01-07_11_02_49_(18589)_mackerel_input.jpeg,(18589)_(2),2,[    0.93521     0.94814],Good,Good,0.9366526
2025-01-07,2025-01-07_11_09_31_(18615)_mackerel_input.jpeg,(18615)_(1),2,[    0.95561     0.93498],Good,Good,0.7548777
2025-01-07,2025-01-07_11_09_31_(18615)_mackerel_input.jpeg,(18615)_(2),2,[    0.95561     0.93498],Good,Bad,Softness-0.23872113227844238
2025-01-07,2025-01-07_11_09_45_(18616)_mackerel_input.jpeg,(18616)_(1),2,[    0.96019     0.94966],Good,Good,0.9778849
2025-01-07,2025-01-07_11_09_45_(18616)_mackerel_input.jpeg,(18616)_(2),2,[    0.96019     0.94966],Good,Good,0.9860154
2025-01-07,2025-01-07_11_13_18_(18637)_mackerel_input.jpeg,(18637)_(1),2,[    0.93706     0.95263],Good,Good,0.9632121
2025-01-07,2025-01-07_11_13_18_(18637)_mackerel_input.jpeg,(18637)_(2),2,[    0.93706     0.95263],Good,Good,0.9602739
2025-01-07,2025-01-07_11_04_57_(18600)_mackerel_input.jpeg,(18600)_(1),2,[    0.94379     0.93551],Good,Good,0.9662701
2025-01-07,2025-01-07_11_04_57_(18600)_mackerel_input.jpeg,(18600)_(2),2,[    0.94379     0.93551],Good,Good,0.9827055
2025-01-07,2025-01-07_10_57_11_(18563)_mackerel_input.jpeg,(18563)_(1),2,[    0.94519      0.9574],Good,Good,0.99057484
2025-01-07,2025-01-07_10_57_11_(18563)_mackerel_input.jpeg,(18563)_(2),2,[    0.94519      0.9574],Good,Good,0.8678322
2025-01-07,2025-01-07_10_55_20_(18557)_mackerel_input.jpeg,(18557)_(1),2,[    0.94921     0.94752],Good,Good,0.69479424
2025-01-07,2025-01-07_10_55_20_(18557)_mackerel_input.jpeg,(18557)_(2),2,[    0.94921     0.94752],Good,Good,0.9196276
2025-01-07,2025-01-07_10_57_55_(18566)_mackerel_input.jpeg,(18566)_(1),2,[    0.94291     0.95685],Good,Good,0.9637767
2025-01-07,2025-01-07_10_57_55_(18566)_mackerel_input.jpeg,(18566)_(2),2,[    0.94291     0.95685],Good,Good,0.9829843
2025-01-07,2025-01-07_11_14_35_(18644)_mackerel_input.jpeg,(18644)_(1),2,[    0.94565     0.94562],Good,Good,0.96752965
2025-01-07,2025-01-07_11_14_35_(18644)_mackerel_input.jpeg,(18644)_(2),2,[    0.94565     0.94562],Good,Bad,Softness-0.12254510074853897
2025-01-07,2025-01-07_11_14_27_(18643)_mackerel_input.jpeg,(18643)_(1),2,[    0.95493     0.95285],Good,Bad,Softness-0.22078104317188263
2025-01-07,2025-01-07_11_14_27_(18643)_mackerel_input.jpeg,(18643)_(2),2,[    0.95493     0.95285],Good,Good,0.98392713
2025-01-07,2025-01-07_11_03_53_(18595)_mackerel_input.jpeg,(18595)_(1),2,[    0.93347     0.94727],Good,Good,0.97652674
2025-01-07,2025-01-07_11_03_53_(18595)_mackerel_input.jpeg,(18595)_(2),2,[    0.93347     0.94727],Good,Good,0.9560381
2025-01-07,2025-01-07_11_11_32_(18626)_mackerel_input.jpeg,(18626)_(1),2,[    0.95089     0.94385],Good,Good,0.9744428
2025-01-07,2025-01-07_11_11_32_(18626)_mackerel_input.jpeg,(18626)_(2),2,[    0.95089     0.94385],Good,Good,0.98601073
2025-01-07,2025-01-07_11_12_43_(18633)_mackerel_input.jpeg,(18633)_(1),2,[    0.94826      0.9523],Good,Good,0.98966163
2025-01-07,2025-01-07_11_12_43_(18633)_mackerel_input.jpeg,(18633)_(2),2,[    0.94826      0.9523],Good,Good,0.97439224
2025-01-07,2025-01-07_10_59_55_(18576)_mackerel_input.jpeg,(18576)_(1),2,[    0.95419     0.95307],Good,Good,0.9741254
2025-01-07,2025-01-07_10_59_55_(18576)_mackerel_input.jpeg,(18576)_(2),2,[    0.95419     0.95307],Good,Good,0.98924196
2025-01-07,2025-01-07_11_09_54_(18617)_mackerel_input.jpeg,(18617)_(1),2,[    0.94862     0.95339],Good,Good,0.634256
2025-01-07,2025-01-07_11_09_54_(18617)_mackerel_input.jpeg,(18617)_(2),2,[    0.94862     0.95339],Good,Good,0.98077375
2025-01-07,2025-01-07_10_51_12_(18539)_mackerel_input.jpeg,(18539)_(1),2,[    0.95166     0.94738],Good,Good,0.98019224
2025-01-07,2025-01-07_10_51_12_(18539)_mackerel_input.jpeg,(18539)_(2),2,[    0.95166     0.94738],Good,Good,0.73684496
2025-01-07,2025-01-07_10_54_59_(18554)_mackerel_input.jpeg,(18554)_(1),2,[    0.95322     0.94184],Good,Good,0.98994625
2025-01-07,2025-01-07_10_54_59_(18554)_mackerel_input.jpeg,(18554)_(2),2,[    0.95322     0.94184],Good,Good,0.9831852
2025-01-07,2025-01-07_11_11_42_(18627)_mackerel_input.jpeg,(18627)_(1),2,[    0.94493     0.95326],Good,Good,0.98634654
2025-01-07,2025-01-07_11_11_42_(18627)_mackerel_input.jpeg,(18627)_(2),2,[    0.94493     0.95326],Good,Good,0.8520014
2025-01-07,2025-01-07_10_51_05_(18538)_mackerel_input.jpeg,(18538)_(1),2,[    0.95629     0.95383],Good,Good,0.88678634
2025-01-07,2025-01-07_10_51_05_(18538)_mackerel_input.jpeg,(18538)_(2),2,[    0.95629     0.95383],Good,Good,0.6939354
2025-01-07,2025-01-07_11_12_14_(18630)_mackerel_input.jpeg,(18630)_(1),2,[    0.94687     0.94509],Good,Good,0.94136107
2025-01-07,2025-01-07_11_12_14_(18630)_mackerel_input.jpeg,(18630)_(2),2,[    0.94687     0.94509],Good,Good,0.98674136
2025-01-07,2025-01-07_11_04_16_(18596)_mackerel_input.jpeg,(18596)_(1),2,[    0.95918     0.95548],Good,Good,0.9874168
2025-01-07,2025-01-07_11_04_16_(18596)_mackerel_input.jpeg,(18596)_(2),2,[    0.95918     0.95548],Good,Good,0.9216343
2025-01-07,2025-01-07_11_03_45_(18594)_mackerel_input.jpeg,(18594)_(1),2,[      0.942     0.94665],Good,Good,0.97162247
2025-01-07,2025-01-07_11_03_45_(18594)_mackerel_input.jpeg,(18594)_(2),2,[      0.942     0.94665],Good,Good,0.98592395
2025-01-07,2025-01-07_10_59_20_(18572)_mackerel_input.jpeg,(18572)_(1),2,[    0.95086       0.945],Good,Good,0.9849959
2025-01-07,2025-01-07_10_59_20_(18572)_mackerel_input.jpeg,(18572)_(2),2,[    0.95086       0.945],Good,Good,0.9555837
2025-01-07,2025-01-07_10_51_21_(18540)_mackerel_input.jpeg,(18540)_(1),2,[    0.95017     0.94333],Good,Good,0.9855423
2025-01-07,2025-01-07_10_51_21_(18540)_mackerel_input.jpeg,(18540)_(2),2,[    0.95017     0.94333],Good,Good,0.9768025
2025-01-07,2025-01-07_11_04_45_(18599)_mackerel_input.jpeg,(18599)_(1),2,[    0.94984     0.94437],Good,Good,0.9809196
2025-01-07,2025-01-07_11_04_45_(18599)_mackerel_input.jpeg,(18599)_(2),2,[    0.94984     0.94437],Good,Good,0.8729184
2025-01-07,2025-01-07_11_01_31_(18583)_mackerel_input.jpeg,(18583)_(1),2,[    0.94718     0.92949],Good,Good,0.9756947
2025-01-07,2025-01-07_11_01_31_(18583)_mackerel_input.jpeg,(18583)_(2),2,[    0.94718     0.92949],Good,Good,0.62011814
2025-01-25,2025-01-25_11_20_27_(19128)_mackerel_input.jpeg,(19128)_(1),2,[    0.93909     0.95549],Good,Good,0.9852756
2025-01-25,2025-01-25_11_20_27_(19128)_mackerel_input.jpeg,(19128)_(2),2,[    0.93909     0.95549],Good,Good,0.87415165
2025-01-25,2025-01-25_11_20_08_(19125)_mackerel_input.jpeg,(19125)_(1),2,[    0.93951     0.95518],Good,Good,0.97008574
2025-01-25,2025-01-25_11_20_08_(19125)_mackerel_input.jpeg,(19125)_(2),2,[    0.93951     0.95518],Good,Good,0.9730282
2025-01-25,2025-01-25_11_30_36_(19150)_mackerel_input.jpeg,(19150)_(1),2,[     0.9468     0.94053],Good,Good,0.98586875
2025-01-25,2025-01-25_11_30_36_(19150)_mackerel_input.jpeg,(19150)_(2),2,[     0.9468     0.94053],Good,Good,0.98042184
2025-01-25,2025-01-25_11_39_28_(19173)_mackerel_input.jpeg,(19173)_(1),2,[     0.9435     0.94555],Good,Good,0.8945398
2025-01-25,2025-01-25_11_39_28_(19173)_mackerel_input.jpeg,(19173)_(2),2,[     0.9435     0.94555],Good,Good,0.97988105
2025-01-25,2025-01-25_11_39_11_(19170)_mackerel_input.jpeg,(19170)_(1),2,[    0.94185     0.93813],Good,Good,0.9560475
2025-01-25,2025-01-25_11_39_11_(19170)_mackerel_input.jpeg,(19170)_(2),2,[    0.94185     0.93813],Good,Good,0.96632975
2025-01-25,2025-01-25_11_19_09_(19123)_mackerel_input.jpeg,(19123)_(1),2,[    0.93671      0.9566],Good,Good,0.9836272
2025-01-25,2025-01-25_11_19_09_(19123)_mackerel_input.jpeg,(19123)_(2),2,[    0.93671      0.9566],Good,Good,0.96353424
2025-01-25,2025-01-25_11_21_09_(19134)_mackerel_input.jpeg,(19134)_(1),2,[    0.94544     0.95481],Good,Good,0.98596585
2025-01-25,2025-01-25_11_21_09_(19134)_mackerel_input.jpeg,(19134)_(2),2,[    0.94544     0.95481],Good,Good,0.9636936
2025-01-25,2025-01-25_11_38_22_(19163)_mackerel_input.jpeg,(19163)_(1),2,[    0.95491     0.94723],Good,Good,0.9254499
2025-01-25,2025-01-25_11_38_22_(19163)_mackerel_input.jpeg,(19163)_(2),2,[    0.95491     0.94723],Good,Good,0.9709492
2025-01-25,2025-01-25_11_17_09_(19110)_mackerel_input.jpeg,(19110)_(1),3,[    0.93582     0.85892     0.93779],Good,Good,0.97342354
2025-01-25,2025-01-25_11_17_09_(19110)_mackerel_input.jpeg,(19110)_(2),3,[    0.93582     0.85892     0.93779],Good,Good,0.94957435
2025-01-25,2025-01-25_11_17_09_(19110)_mackerel_input.jpeg,(19110)_(3),3,[    0.93582     0.85892     0.93779],Good,Good,0.9822435
2025-01-25,2025-01-25_11_29_34_(19148)_mackerel_input.jpeg,(19148)_(1),2,[     0.9504     0.96204],Good,Good,0.3754203
2025-01-25,2025-01-25_11_29_34_(19148)_mackerel_input.jpeg,(19148)_(2),2,[     0.9504     0.96204],Good,Good,0.9791117
2025-01-25,2025-01-25_11_30_49_(19151)_mackerel_input.jpeg,(19151)_(1),2,[    0.94757     0.93948],Good,Good,0.98092747
2025-01-25,2025-01-25_11_30_49_(19151)_mackerel_input.jpeg,(19151)_(2),2,[    0.94757     0.93948],Good,Good,0.990812
2025-01-25,2025-01-25_11_18_20_(19116)_mackerel_input.jpeg,(19116)_(1),2,[    0.94511     0.95059],Good,Good,0.7737001
2025-01-25,2025-01-25_11_18_20_(19116)_mackerel_input.jpeg,(19116)_(2),2,[    0.94511     0.95059],Good,Good,0.95684403
2025-01-25,2025-01-25_11_29_28_(19147)_mackerel_input.jpeg,(19147)_(1),2,[    0.94878     0.95587],Good,Good,0.9888865
2025-01-25,2025-01-25_11_29_28_(19147)_mackerel_input.jpeg,(19147)_(2),2,[    0.94878     0.95587],Good,Good,0.9655096
2025-01-25,2025-01-25_11_18_40_(19119)_mackerel_input.jpeg,(19119)_(1),2,[     0.9602     0.95517],Good,Good,0.9884378
2025-01-25,2025-01-25_11_18_40_(19119)_mackerel_input.jpeg,(19119)_(2),2,[     0.9602     0.95517],Good,Good,0.9554737
2025-01-25,2025-01-25_11_38_37_(19165)_mackerel_input.jpeg,(19165)_(1),2,[    0.96126     0.96019],Good,Good,0.86549664
2025-01-25,2025-01-25_11_38_37_(19165)_mackerel_input.jpeg,(19165)_(2),2,[    0.96126     0.96019],Good,Good,0.9894476
2025-01-25,2025-01-25_11_18_26_(19117)_mackerel_input.jpeg,(19117)_(1),2,[    0.95376     0.95161],Good,Good,0.9866297
2025-01-25,2025-01-25_11_18_26_(19117)_mackerel_input.jpeg,(19117)_(2),2,[    0.95376     0.95161],Good,Good,0.9572177
2025-01-25,2025-01-25_11_18_00_(19113)_mackerel_input.jpeg,(19113)_(1),2,[    0.94409      0.9162],Good,Good,0.28576744
2025-01-25,2025-01-25_11_18_00_(19113)_mackerel_input.jpeg,(19113)_(2),2,[    0.94409      0.9162],Good,Bad,Softness-0.20305770635604858
2025-01-25,2025-01-25_11_38_51_(19167)_mackerel_input.jpeg,(19167)_(1),2,[    0.94466      0.9563],Good,Good,0.9784784
2025-01-25,2025-01-25_11_38_51_(19167)_mackerel_input.jpeg,(19167)_(2),2,[    0.94466      0.9563],Good,Good,0.9521981
2025-01-25,2025-01-25_11_31_13_(19154)_mackerel_input.jpeg,(19154)_(1),2,[    0.94511     0.95309],Good,Good,0.9559507
2025-01-25,2025-01-25_11_31_13_(19154)_mackerel_input.jpeg,(19154)_(2),2,[    0.94511     0.95309],Good,Good,0.9766336
2025-01-25,2025-01-25_11_21_35_(19137)_mackerel_input.jpeg,(19137)_(1),2,[    0.95003     0.95375],Good,Good,0.98102576
2025-01-25,2025-01-25_11_21_35_(19137)_mackerel_input.jpeg,(19137)_(2),2,[    0.95003     0.95375],Good,Good,0.97704357
2025-01-25,2025-01-25_11_39_21_(19172)_mackerel_input.jpeg,(19172)_(1),2,[      0.953     0.95309],Good,Good,0.9759292
2025-01-25,2025-01-25_11_39_21_(19172)_mackerel_input.jpeg,(19172)_(2),2,[      0.953     0.95309],Good,Good,0.9740195
2025-01-25,2025-01-25_11_20_37_(19129)_mackerel_input.jpeg,(19129)_(1),2,[     0.9529     0.95519],Good,Good,0.9876599
2025-01-25,2025-01-25_11_20_37_(19129)_mackerel_input.jpeg,(19129)_(2),2,[     0.9529     0.95519],Good,Good,0.9806712
2025-01-25,2025-01-25_11_38_43_(19166)_mackerel_input.jpeg,(19166)_(1),2,[    0.95019     0.95054],Good,Good,0.9796833
2025-01-25,2025-01-25_11_38_43_(19166)_mackerel_input.jpeg,(19166)_(2),2,[    0.95019     0.95054],Good,Good,0.9536103
2025-01-25,2025-01-25_11_21_42_(19138)_mackerel_input.jpeg,(19138)_(1),2,[    0.95264     0.94969],Good,Good,0.9873463
2025-01-25,2025-01-25_11_21_42_(19138)_mackerel_input.jpeg,(19138)_(2),2,[    0.95264     0.94969],Good,Good,0.98664725
2025-01-25,2025-01-25_11_18_07_(19114)_mackerel_input.jpeg,(19114)_(1),2,[     0.9551      0.9434],Good,Good,0.94578207
2025-01-25,2025-01-25_11_18_07_(19114)_mackerel_input.jpeg,(19114)_(2),2,[     0.9551      0.9434],Good,Good,0.9327563
2025-01-25,2025-01-25_11_38_58_(19168)_mackerel_input.jpeg,(19168)_(1),2,[    0.95221     0.96234],Good,Good,0.9689769
2025-01-25,2025-01-25_11_38_58_(19168)_mackerel_input.jpeg,(19168)_(2),2,[    0.95221     0.96234],Good,Good,0.97773856
2025-01-25,2025-01-25_11_31_51_(19160)_mackerel_input.jpeg,(19160)_(1),2,[    0.95667     0.95131],Good,Good,0.51128954
2025-01-25,2025-01-25_11_31_51_(19160)_mackerel_input.jpeg,(19160)_(2),2,[    0.95667     0.95131],Good,Good,0.8788164
2025-01-25,2025-01-25_11_20_13_(19126)_mackerel_input.jpeg,(19126)_(1),2,[    0.95086     0.95664],Good,Good,0.98603976
2025-01-25,2025-01-25_11_20_13_(19126)_mackerel_input.jpeg,(19126)_(2),2,[    0.95086     0.95664],Good,Good,0.9777765
2025-01-25,2025-01-25_11_20_55_(19132)_mackerel_input.jpeg,(19132)_(1),2,[    0.95482     0.94568],Good,Good,0.9795488
2025-01-25,2025-01-25_11_20_55_(19132)_mackerel_input.jpeg,(19132)_(2),2,[    0.95482     0.94568],Good,Good,0.9879678
2025-01-25,2025-01-25_11_20_43_(19130)_mackerel_input.jpeg,(19130)_(1),2,[    0.95517     0.95347],Good,Good,0.9850573
2025-01-25,2025-01-25_11_20_43_(19130)_mackerel_input.jpeg,(19130)_(2),2,[    0.95517     0.95347],Good,Good,0.9788519
2025-01-25,2025-01-25_11_19_16_(19124)_mackerel_input.jpeg,(19124)_(1),2,[    0.94504     0.95418],Good,Good,0.9521617
2025-01-25,2025-01-25_11_19_16_(19124)_mackerel_input.jpeg,(19124)_(2),2,[    0.94504     0.95418],Good,Good,0.95546424
2025-01-25,2025-01-25_11_18_14_(19115)_mackerel_input.jpeg,(19115)_(1),2,[    0.96053     0.96157],Good,Good,0.9743823
2025-01-25,2025-01-25_11_18_14_(19115)_mackerel_input.jpeg,(19115)_(2),2,[    0.96053     0.96157],Good,Good,0.98158634
2025-01-25,2025-01-25_11_38_30_(19164)_mackerel_input.jpeg,(19164)_(1),2,[    0.95506     0.94776],Good,Good,0.9865966
2025-01-25,2025-01-25_11_38_30_(19164)_mackerel_input.jpeg,(19164)_(2),2,[    0.95506     0.94776],Good,Bad,Softness-0.22401738166809082
2025-01-25,2025-01-25_11_29_02_(19143)_mackerel_input.jpeg,(19143)_(1),2,[    0.95146     0.95336],Good,Good,0.8688506
2025-01-25,2025-01-25_11_29_02_(19143)_mackerel_input.jpeg,(19143)_(2),2,[    0.95146     0.95336],Good,Good,0.95963943
2025-01-25,2025-01-25_11_17_50_(19112)_mackerel_input.jpeg,(19112)_(1),2,[    0.93836     0.94434],Good,Good,0.95864505
2025-01-25,2025-01-25_11_17_50_(19112)_mackerel_input.jpeg,(19112)_(2),2,[    0.93836     0.94434],Good,Bad,Softness-0.05725749209523201
2025-01-25,2025-01-25_11_28_47_(19141)_mackerel_input.jpeg,(19141)_(1),2,[    0.95086     0.95203],Good,Good,0.9859295
2025-01-25,2025-01-25_11_28_47_(19141)_mackerel_input.jpeg,(19141)_(2),2,[    0.95086     0.95203],Good,Good,0.9381509
2025-01-25,2025-01-25_11_31_31_(19157)_mackerel_input.jpeg,(19157)_(1),2,[    0.94639     0.94443],Good,Good,0.9876261
2025-01-25,2025-01-25_11_31_31_(19157)_mackerel_input.jpeg,(19157)_(2),2,[    0.94639     0.94443],Good,Good,0.3949379
2025-01-25,2025-01-25_11_20_19_(19127)_mackerel_input.jpeg,(19127)_(1),2,[    0.95276      0.9484],Good,Good,0.9699719
2025-01-25,2025-01-25_11_20_19_(19127)_mackerel_input.jpeg,(19127)_(2),2,[    0.95276      0.9484],Good,Bad,Softness-0.2456071972846985
2025-01-25,2025-01-25_11_31_45_(19159)_mackerel_input.jpeg,(19159)_(1),2,[    0.94441     0.93628],Good,Good,0.9376268
2025-01-25,2025-01-25_11_31_45_(19159)_mackerel_input.jpeg,(19159)_(2),2,[    0.94441     0.93628],Good,Good,0.9889515
2025-01-25,2025-01-25_11_39_16_(19171)_mackerel_input.jpeg,(19171)_(1),2,[    0.95333     0.94527],Good,Good,0.98111635
2025-01-25,2025-01-25_11_39_16_(19171)_mackerel_input.jpeg,(19171)_(2),2,[    0.95333     0.94527],Good,Good,0.95821995
2025-01-25,2025-01-25_11_19_03_(19122)_mackerel_input.jpeg,(19122)_(1),2,[    0.94501     0.94526],Good,Bad,Softness-0.05559965595602989
2025-01-25,2025-01-25_11_19_03_(19122)_mackerel_input.jpeg,(19122)_(2),2,[    0.94501     0.94526],Good,Good,0.6218499
2025-01-25,2025-01-25_11_21_01_(19133)_mackerel_input.jpeg,(19133)_(1),2,[    0.95252     0.94873],Good,Good,0.9903345
2025-01-25,2025-01-25_11_21_01_(19133)_mackerel_input.jpeg,(19133)_(2),2,[    0.95252     0.94873],Good,Good,0.9820995
2025-01-25,2025-01-25_11_18_34_(19118)_mackerel_input.jpeg,(19118)_(1),2,[    0.94474     0.95334],Good,Good,0.9770118
2025-01-25,2025-01-25_11_18_34_(19118)_mackerel_input.jpeg,(19118)_(2),2,[    0.94474     0.95334],Good,Good,0.9639443
2025-01-25,2025-01-25_11_18_48_(19120)_mackerel_input.jpeg,(19120)_(1),2,[    0.94131     0.95045],Good,Good,0.95134544
2025-01-25,2025-01-25_11_18_48_(19120)_mackerel_input.jpeg,(19120)_(2),2,[    0.94131     0.95045],Good,Good,0.8636926
2025-01-25,2025-01-25_11_29_10_(19144)_mackerel_input.jpeg,(19144)_(1),2,[    0.94998     0.95305],Good,Good,0.4156326
2025-01-25,2025-01-25_11_29_10_(19144)_mackerel_input.jpeg,(19144)_(2),2,[    0.94998     0.95305],Good,Good,0.9837312
2025-01-25,2025-01-25_11_29_17_(19145)_mackerel_input.jpeg,(19145)_(1),2,[    0.94579     0.94724],Good,Good,0.9888424
2025-01-25,2025-01-25_11_29_17_(19145)_mackerel_input.jpeg,(19145)_(2),2,[    0.94579     0.94724],Good,Good,0.98467904
2025-01-25,2025-01-25_11_30_55_(19152)_mackerel_input.jpeg,(19152)_(1),2,[    0.95903     0.95343],Good,Good,0.9783117
2025-01-25,2025-01-25_11_30_55_(19152)_mackerel_input.jpeg,(19152)_(2),2,[    0.95903     0.95343],Good,Good,0.9501919
2025-01-25,2025-01-25_11_31_38_(19158)_mackerel_input.jpeg,(19158)_(1),2,[    0.94636     0.94193],Good,Good,0.9886106
2025-01-25,2025-01-25_11_31_38_(19158)_mackerel_input.jpeg,(19158)_(2),2,[    0.94636     0.94193],Good,Good,0.7536797
2025-01-25,2025-01-25_11_29_42_(19149)_mackerel_input.jpeg,(19149)_(1),2,[    0.95353     0.95169],Good,Good,0.9870607
2025-01-25,2025-01-25_11_29_42_(19149)_mackerel_input.jpeg,(19149)_(2),2,[    0.95353     0.95169],Good,Good,0.9852534
2025-01-25,2025-01-25_11_17_17_(19111)_mackerel_input.jpeg,(19111)_(1),2,[    0.94851      0.9532],Good,Good,0.97525823
2025-01-25,2025-01-25_11_17_17_(19111)_mackerel_input.jpeg,(19111)_(2),2,[    0.94851      0.9532],Good,Good,0.9514294
2025-01-25,2025-01-25_11_39_05_(19169)_mackerel_input.jpeg,(19169)_(1),2,[    0.95375     0.95776],Good,Good,0.70115966
2025-01-25,2025-01-25_11_39_05_(19169)_mackerel_input.jpeg,(19169)_(2),2,[    0.95375     0.95776],Good,Good,0.9326861
2025-01-25,2025-01-25_11_38_02_(19161)_mackerel_input.jpeg,(19161)_(1),2,[    0.94803     0.95167],Good,Good,0.95386046
2025-01-25,2025-01-25_11_38_02_(19161)_mackerel_input.jpeg,(19161)_(2),2,[    0.94803     0.95167],Good,Good,0.90837336
2025-01-25,2025-01-25_11_21_19_(19135)_mackerel_input.jpeg,(19135)_(1),2,[    0.95316     0.95509],Good,Good,0.9784822
2025-01-25,2025-01-25_11_21_19_(19135)_mackerel_input.jpeg,(19135)_(2),2,[    0.95316     0.95509],Good,Good,0.97799754
2025-01-25,2025-01-25_11_18_55_(19121)_mackerel_input.jpeg,(19121)_(1),2,[    0.96138     0.95214],Good,Good,0.9794349
2025-01-25,2025-01-25_11_18_55_(19121)_mackerel_input.jpeg,(19121)_(2),2,[    0.96138     0.95214],Good,Good,0.9396061
2025-01-25,2025-01-25_11_21_27_(19136)_mackerel_input.jpeg,(19136)_(1),2,[    0.94981     0.94346],Good,Good,0.96274537
2025-01-25,2025-01-25_11_21_27_(19136)_mackerel_input.jpeg,(19136)_(2),2,[    0.94981     0.94346],Good,Good,0.9798861
2025-01-25,2025-01-25_11_29_22_(19146)_mackerel_input.jpeg,(19146)_(1),2,[    0.95409     0.96067],Good,Good,0.9850031
2025-01-25,2025-01-25_11_29_22_(19146)_mackerel_input.jpeg,(19146)_(2),2,[    0.95409     0.96067],Good,Good,0.95946276
2025-01-25,2025-01-25_11_31_08_(19153)_mackerel_input.jpeg,(19153)_(1),2,[    0.94276     0.95407],Good,Good,0.93360704
2025-01-25,2025-01-25_11_31_08_(19153)_mackerel_input.jpeg,(19153)_(2),2,[    0.94276     0.95407],Good,Good,0.43882218
2025-01-25,2025-01-25_11_28_56_(19142)_mackerel_input.jpeg,(19142)_(1),2,[    0.94852     0.94877],Good,Good,0.98372096
2025-01-25,2025-01-25_11_28_56_(19142)_mackerel_input.jpeg,(19142)_(2),2,[    0.94852     0.94877],Good,Good,0.97589135
2025-01-25,2025-01-25_11_38_12_(19162)_mackerel_input.jpeg,(19162)_(1),2,[    0.95637     0.94397],Good,Good,0.9906099
2025-01-25,2025-01-25_11_38_12_(19162)_mackerel_input.jpeg,(19162)_(2),2,[    0.95637     0.94397],Good,Good,0.98107195
2025-01-25,2025-01-25_11_39_41_(19175)_mackerel_input.jpeg,(19175)_(1),2,[    0.95099     0.95753],Good,Good,0.73820305
2025-01-25,2025-01-25_11_39_41_(19175)_mackerel_input.jpeg,(19175)_(2),2,[    0.95099     0.95753],Good,Good,0.8152542
2025-01-25,2025-01-25_11_39_34_(19174)_mackerel_input.jpeg,(19174)_(1),2,[    0.95148     0.95929],Good,Good,0.97973925
2025-01-25,2025-01-25_11_39_34_(19174)_mackerel_input.jpeg,(19174)_(2),2,[    0.95148     0.95929],Good,Good,0.9877898
2025-01-25,2025-01-25_11_31_19_(19155)_mackerel_input.jpeg,(19155)_(1),2,[    0.95136     0.95783],Good,Good,0.961043
2025-01-25,2025-01-25_11_31_19_(19155)_mackerel_input.jpeg,(19155)_(2),2,[    0.95136     0.95783],Good,Good,0.9015815
2025-01-25,2025-01-25_11_31_24_(19156)_mackerel_input.jpeg,(19156)_(1),2,[    0.94921     0.94421],Good,Good,0.8669154
2025-01-25,2025-01-25_11_31_24_(19156)_mackerel_input.jpeg,(19156)_(2),2,[    0.94921     0.94421],Good,Good,0.9859948
2025-01-25,2025-01-25_11_21_48_(19139)_mackerel_input.jpeg,(19139)_(1),2,[    0.94564     0.95202],Good,Good,0.98391
2025-01-25,2025-01-25_11_21_48_(19139)_mackerel_input.jpeg,(19139)_(2),2,[    0.94564     0.95202],Good,Good,0.98746437
2025-01-25,2025-01-25_11_39_47_(19176)_mackerel_input.jpeg,(19176)_(1),2,[    0.95311     0.94488],Good,Good,0.99113315
2025-01-25,2025-01-25_11_39_47_(19176)_mackerel_input.jpeg,(19176)_(2),2,[    0.95311     0.94488],Good,Good,0.98851335
2025-01-25,2025-01-25_11_28_40_(19140)_mackerel_input.jpeg,(19140)_(1),2,[    0.95135     0.94247],Good,Good,0.9745984
2025-01-25,2025-01-25_11_28_40_(19140)_mackerel_input.jpeg,(19140)_(2),2,[    0.95135     0.94247],Good,Good,0.9749475
2025-01-25,2025-01-25_11_20_50_(19131)_mackerel_input.jpeg,(19131)_(1),2,[    0.94959     0.95798],Good,Good,0.9470844
2025-01-25,2025-01-25_11_20_50_(19131)_mackerel_input.jpeg,(19131)_(2),2,[    0.94959     0.95798],Good,Good,0.98768497
2025-01-28,2025-01-28_10_51_47_(19209)_mackerel_input.jpeg,(19209)_(1),2,[    0.91254     0.93708],Bad,Bad,Softness-0.022717509418725967
2025-01-28,2025-01-28_10_51_47_(19209)_mackerel_input.jpeg,(19209)_(2),2,[    0.91254     0.93708],Bad,Bad,Softness-0.05950980260968208
2025-01-28,2025-01-28_10_43_45_(19185)_mackerel_input.jpeg,(19185)_(1),2,[    0.94924      0.9484],Bad,Bad,Softness-0.023476209491491318
2025-01-28,2025-01-28_10_43_45_(19185)_mackerel_input.jpeg,(19185)_(2),2,[    0.94924      0.9484],Bad,Bad,Softness-0.10334968566894531
2025-01-28,2025-01-28_10_43_16_(19181)_mackerel_input.jpeg,(19181)_(1),2,[    0.94633     0.93957],Bad,Bad,Softness-0.011486250907182693
2025-01-28,2025-01-28_10_43_16_(19181)_mackerel_input.jpeg,(19181)_(2),2,[    0.94633     0.93957],Bad,Bad,Softness-0.006398149766027927
2025-01-28,2025-01-28_10_53_39_(19220)_mackerel_input.jpeg,(19220)_(1),2,[     0.9454     0.95761],Bad,Bad,Softness-0.04991498962044716
2025-01-28,2025-01-28_10_53_39_(19220)_mackerel_input.jpeg,(19220)_(2),2,[     0.9454     0.95761],Bad,Bad,Softness-0.02041744999587536
2025-01-28,2025-01-28_10_44_10_(19188)_mackerel_input.jpeg,(19188)_(1),2,[    0.95611     0.95728],Bad,Good,0.70215416
2025-01-28,2025-01-28_10_44_10_(19188)_mackerel_input.jpeg,(19188)_(2),2,[    0.95611     0.95728],Bad,Bad,Softness-0.039634741842746735
2025-01-28,2025-01-28_10_49_54_(19196)_mackerel_input.jpeg,(19196)_(1),2,[    0.94681      0.9503],Bad,Good,0.26013428
2025-01-28,2025-01-28_10_49_54_(19196)_mackerel_input.jpeg,(19196)_(2),2,[    0.94681      0.9503],Bad,Bad,Softness-0.08608534187078476
2025-01-28,2025-01-28_10_52_29_(19214)_mackerel_input.jpeg,(19214)_(1),2,[    0.94464     0.93558],Bad,Bad,Softness-0.0655650943517685
2025-01-28,2025-01-28_10_52_29_(19214)_mackerel_input.jpeg,(19214)_(2),2,[    0.94464     0.93558],Bad,Bad,Softness-0.01667247898876667
2025-01-28,2025-01-28_10_43_01_(19179)_mackerel_input.jpeg,(19179)_(1),2,[    0.94626     0.95344],Bad,Bad,Softness-0.08832725882530212
2025-01-28,2025-01-28_10_43_01_(19179)_mackerel_input.jpeg,(19179)_(2),2,[    0.94626     0.95344],Bad,Bad,Softness-0.08199579268693924
2025-01-28,2025-01-28_10_51_04_(19204)_mackerel_input.jpeg,(19204)_(1),2,[     0.9546     0.94802],Bad,Bad,Softness-0.18291518092155457
2025-01-28,2025-01-28_10_51_04_(19204)_mackerel_input.jpeg,(19204)_(2),2,[     0.9546     0.94802],Bad,Good,0.9532028
2025-01-28,2025-01-28_10_52_49_(19216)_mackerel_input.jpeg,(19216)_(1),2,[    0.95572     0.95366],Bad,Bad,Softness-0.026708103716373444
2025-01-28,2025-01-28_10_52_49_(19216)_mackerel_input.jpeg,(19216)_(2),2,[    0.95572     0.95366],Bad,Bad,Softness-0.017958519980311394
2025-01-28,2025-01-28_10_51_20_(19206)_mackerel_input.jpeg,(19206)_(1),2,[    0.94116     0.95717],Bad,Bad,Softness-0.03746022284030914
2025-01-28,2025-01-28_10_51_20_(19206)_mackerel_input.jpeg,(19206)_(2),2,[    0.94116     0.95717],Bad,Bad,Softness-0.03735215216875076
2025-01-28,2025-01-28_10_53_57_(19222)_mackerel_input.jpeg,(19222)_(1),2,[    0.94979     0.95421],Bad,Bad,Softness-0.015244062058627605
2025-01-28,2025-01-28_10_53_57_(19222)_mackerel_input.jpeg,(19222)_(2),2,[    0.94979     0.95421],Bad,Bad,Softness-0.057284340262413025
2025-01-28,2025-01-28_10_44_00_(19187)_mackerel_input.jpeg,(19187)_(1),2,[    0.94849     0.94862],Bad,Bad,Damaged-0.9198229908943176
2025-01-28,2025-01-28_10_44_00_(19187)_mackerel_input.jpeg,(19187)_(2),2,[    0.94849     0.94862],Bad,Bad,Softness-0.18681827187538147
2025-01-28,2025-01-28_10_42_54_(19178)_mackerel_input.jpeg,(19178)_(1),2,[    0.94062     0.94234],Bad,Bad,Softness-0.003987590316683054
2025-01-28,2025-01-28_10_42_54_(19178)_mackerel_input.jpeg,(19178)_(2),2,[    0.94062     0.94234],Bad,Good,0.90365726
2025-01-28,2025-01-28_10_50_03_(19197)_mackerel_input.jpeg,(19197)_(1),2,[    0.94465     0.94949],Bad,Bad,Softness-0.23542876541614532
2025-01-28,2025-01-28_10_50_03_(19197)_mackerel_input.jpeg,(19197)_(2),2,[    0.94465     0.94949],Bad,Bad,Softness-0.09274814277887344
2025-01-28,2025-01-28_10_50_56_(19203)_mackerel_input.jpeg,(19203)_(1),2,[     0.9498     0.94616],Bad,Good,0.9307338
2025-01-28,2025-01-28_10_50_56_(19203)_mackerel_input.jpeg,(19203)_(2),2,[     0.9498     0.94616],Bad,Bad,Softness-0.051929935812950134
2025-01-28,2025-01-28_10_53_28_(19219)_mackerel_input.jpeg,(19219)_(1),2,[    0.94995     0.95408],Bad,Bad,Softness-0.08716809749603271
2025-01-28,2025-01-28_10_53_28_(19219)_mackerel_input.jpeg,(19219)_(2),2,[    0.94995     0.95408],Bad,Bad,Softness-0.005346828140318394
2025-01-28,2025-01-28_10_49_40_(19195)_mackerel_input.jpeg,(19195)_(1),2,[    0.92044      0.9227],Bad,Good,0.6712146
2025-01-28,2025-01-28_10_49_40_(19195)_mackerel_input.jpeg,(19195)_(2),2,[    0.92044      0.9227],Bad,Good,0.35359642
2025-01-28,2025-01-28_10_44_48_(19192)_mackerel_input.jpeg,(19192)_(1),2,[    0.94563      0.9623],Bad,Bad,Softness-0.05213107168674469
2025-01-28,2025-01-28_10_44_48_(19192)_mackerel_input.jpeg,(19192)_(2),2,[    0.94563      0.9623],Bad,Bad,Softness-0.03688506409525871
2025-01-28,2025-01-28_10_53_04_(19217)_mackerel_input.jpeg,(19217)_(1),2,[    0.94519     0.94343],Bad,Bad,Softness-0.009090429171919823
2025-01-28,2025-01-28_10_53_04_(19217)_mackerel_input.jpeg,(19217)_(2),2,[    0.94519     0.94343],Bad,Good,0.5404784
2025-01-28,2025-01-28_10_44_19_(19189)_mackerel_input.jpeg,(19189)_(1),2,[    0.94503      0.9608],Bad,Good,0.913257
2025-01-28,2025-01-28_10_44_19_(19189)_mackerel_input.jpeg,(19189)_(2),2,[    0.94503      0.9608],Bad,Good,0.9537792
2025-01-28,2025-01-28_10_44_58_(19193)_mackerel_input.jpeg,(19193)_(1),2,[    0.95405     0.93635],Bad,Bad,Softness-0.05149570852518082
2025-01-28,2025-01-28_10_44_58_(19193)_mackerel_input.jpeg,(19193)_(2),2,[    0.95405     0.93635],Bad,Good,0.987601
2025-01-28,2025-01-28_10_51_38_(19208)_mackerel_input.jpeg,(19208)_(1),2,[    0.94657     0.94885],Bad,Bad,Softness-0.10746029764413834
2025-01-28,2025-01-28_10_51_38_(19208)_mackerel_input.jpeg,(19208)_(2),2,[    0.94657     0.94885],Bad,Good,0.8359876
2025-01-28,2025-01-28_10_43_37_(19184)_mackerel_input.jpeg,(19184)_(1),2,[    0.95216     0.94161],Bad,Good,0.30483627
2025-01-28,2025-01-28_10_43_37_(19184)_mackerel_input.jpeg,(19184)_(2),2,[    0.95216     0.94161],Bad,Good,0.924341
2025-01-28,2025-01-28_10_43_08_(19180)_mackerel_input.jpeg,(19180)_(1),2,[    0.94676     0.93663],Bad,Good,0.9026609
2025-01-28,2025-01-28_10_43_08_(19180)_mackerel_input.jpeg,(19180)_(2),2,[    0.94676     0.93663],Bad,Bad,Softness-0.12546147406101227
2025-01-28,2025-01-28_10_50_24_(19199)_mackerel_input.jpeg,(19199)_(1),2,[    0.94647     0.95942],Bad,Bad,Softness-0.09218452125787735
2025-01-28,2025-01-28_10_50_24_(19199)_mackerel_input.jpeg,(19199)_(2),2,[    0.94647     0.95942],Bad,Good,0.82373345
2025-01-28,2025-01-28_10_44_39_(19191)_mackerel_input.jpeg,(19191)_(1),2,[    0.94732     0.94682],Bad,Bad,Softness-0.05314464867115021
2025-01-28,2025-01-28_10_44_39_(19191)_mackerel_input.jpeg,(19191)_(2),2,[    0.94732     0.94682],Bad,Bad,Softness-0.10735929012298584
2025-01-28,2025-01-28_10_51_13_(19205)_mackerel_input.jpeg,(19205)_(1),2,[    0.94395     0.95344],Bad,Bad,Softness-0.04241815581917763
2025-01-28,2025-01-28_10_51_13_(19205)_mackerel_input.jpeg,(19205)_(2),2,[    0.94395     0.95344],Bad,Bad,Softness-0.19041645526885986
2025-01-28,2025-01-28_10_43_30_(19183)_mackerel_input.jpeg,(19183)_(1),2,[    0.95264     0.94694],Bad,Bad,Softness-0.04576927796006203
2025-01-28,2025-01-28_10_43_30_(19183)_mackerel_input.jpeg,(19183)_(2),2,[    0.95264     0.94694],Bad,Good,0.6523318
2025-01-28,2025-01-28_10_44_30_(19190)_mackerel_input.jpeg,(19190)_(1),2,[    0.93433     0.95071],Bad,Bad,Softness-0.22261400520801544
2025-01-28,2025-01-28_10_44_30_(19190)_mackerel_input.jpeg,(19190)_(2),2,[    0.93433     0.95071],Bad,Bad,Softness-0.003746899776160717
2025-01-28,2025-01-28_10_52_19_(19213)_mackerel_input.jpeg,(19213)_(1),2,[    0.94613     0.95321],Bad,Good,0.49804646
2025-01-28,2025-01-28_10_52_19_(19213)_mackerel_input.jpeg,(19213)_(2),2,[    0.94613     0.95321],Bad,Bad,Softness-0.10501547157764435
2025-01-28,2025-01-28_10_54_04_(19223)_mackerel_input.jpeg,(19223)_(1),2,[     0.9432     0.95036],Bad,Bad,Softness-0.08022427558898926
2025-01-28,2025-01-28_10_54_04_(19223)_mackerel_input.jpeg,(19223)_(2),2,[     0.9432     0.95036],Bad,Bad,Softness-0.07422655820846558
2025-01-28,2025-01-28_10_50_33_(19200)_mackerel_input.jpeg,(19200)_(1),2,[    0.96078     0.95748],Bad,Bad,Damaged-0.8628641963005066
2025-01-28,2025-01-28_10_50_33_(19200)_mackerel_input.jpeg,(19200)_(2),2,[    0.96078     0.95748],Bad,Good,0.8009995
2025-01-28,2025-01-28_10_42_46_(19177)_mackerel_input.jpeg,(19177)_(1),2,[     0.9523     0.94066],Bad,Good,0.482034
2025-01-28,2025-01-28_10_42_46_(19177)_mackerel_input.jpeg,(19177)_(2),2,[     0.9523     0.94066],Bad,Bad,Softness-0.012838853523135185
2025-01-28,2025-01-28_10_43_22_(19182)_mackerel_input.jpeg,(19182)_(1),2,[    0.95945     0.95136],Bad,Good,0.41374955
2025-01-28,2025-01-28_10_43_22_(19182)_mackerel_input.jpeg,(19182)_(2),2,[    0.95945     0.95136],Bad,Good,0.7559533
2025-01-28,2025-01-28_10_50_50_(19202)_mackerel_input.jpeg,(19202)_(1),2,[    0.94407     0.95713],Bad,Bad,Softness-0.015563501045107841
2025-01-28,2025-01-28_10_50_50_(19202)_mackerel_input.jpeg,(19202)_(2),2,[    0.94407     0.95713],Bad,Bad,Softness-0.0904359221458435
2025-01-28,2025-01-28_10_50_43_(19201)_mackerel_input.jpeg,(19201)_(1),2,[    0.93939     0.93897],Bad,Good,0.4845536
2025-01-28,2025-01-28_10_50_43_(19201)_mackerel_input.jpeg,(19201)_(2),2,[    0.93939     0.93897],Bad,Good,0.7688083
2025-01-28,2025-01-28_10_52_39_(19215)_mackerel_input.jpeg,(19215)_(1),2,[    0.94662      0.9541],Bad,Bad,Softness-0.04201958328485489
2025-01-28,2025-01-28_10_52_39_(19215)_mackerel_input.jpeg,(19215)_(2),2,[    0.94662      0.9541],Bad,Good,0.3317835
2025-01-28,2025-01-28_10_53_16_(19218)_mackerel_input.jpeg,(19218)_(1),2,[    0.94797     0.95151],Bad,Good,0.8769447
2025-01-28,2025-01-28_10_53_16_(19218)_mackerel_input.jpeg,(19218)_(2),2,[    0.94797     0.95151],Bad,Bad,Softness-0.0034208695869892836
2025-01-28,2025-01-28_10_43_51_(19186)_mackerel_input.jpeg,(19186)_(1),2,[    0.94593     0.94842],Bad,Good,0.34873447
2025-01-28,2025-01-28_10_43_51_(19186)_mackerel_input.jpeg,(19186)_(2),2,[    0.94593     0.94842],Bad,Bad,Softness-0.0747155174612999
2025-01-28,2025-01-28_10_53_49_(19221)_mackerel_input.jpeg,(19221)_(1),2,[    0.91295      0.9435],Bad,Bad,Softness-0.15527327358722687
2025-01-28,2025-01-28_10_53_49_(19221)_mackerel_input.jpeg,(19221)_(2),2,[    0.91295      0.9435],Bad,Bad,Softness-0.0158656295388937
2025-01-28,2025-01-28_10_51_29_(19207)_mackerel_input.jpeg,(19207)_(1),2,[    0.94309     0.93824],Bad,Good,0.8701405
2025-01-28,2025-01-28_10_51_29_(19207)_mackerel_input.jpeg,(19207)_(2),2,[    0.94309     0.93824],Bad,Good,0.28582224
2025-01-28,2025-01-28_10_50_10_(19198)_mackerel_input.jpeg,(19198)_(1),2,[    0.93503     0.94184],Bad,Good,0.26777026
2025-01-28,2025-01-28_10_50_10_(19198)_mackerel_input.jpeg,(19198)_(2),2,[    0.93503     0.94184],Bad,Bad,Softness-0.038220759481191635
2025-01-28,2025-01-28_10_52_04_(19211)_mackerel_input.jpeg,(19211)_(1),2,[    0.95538     0.94695],Bad,Good,0.7850443
2025-01-28,2025-01-28_10_52_04_(19211)_mackerel_input.jpeg,(19211)_(2),2,[    0.95538     0.94695],Bad,Bad,Damaged-0.9178254008293152
2025-01-28,2025-01-28_10_45_08_(19194)_mackerel_input.jpeg,(19194)_(1),2,[    0.95338     0.95057],Bad,Good,0.9245236
2025-01-28,2025-01-28_10_45_08_(19194)_mackerel_input.jpeg,(19194)_(2),2,[    0.95338     0.95057],Bad,Bad,Softness-0.07493477314710617
2025-01-28,2025-01-28_10_52_11_(19212)_mackerel_input.jpeg,(19212)_(1),2,[    0.94991      0.9418],Bad,Bad,Softness-0.016378415748476982
2025-01-28,2025-01-28_10_52_11_(19212)_mackerel_input.jpeg,(19212)_(2),2,[    0.94991      0.9418],Bad,Good,0.27978367
2025-01-28,2025-01-28_10_51_55_(19210)_mackerel_input.jpeg,(19210)_(1),2,[     0.9485     0.94849],Bad,Bad,Softness-0.01972203701734543
2025-01-28,2025-01-28_10_51_55_(19210)_mackerel_input.jpeg,(19210)_(2),2,[     0.9485     0.94849],Bad,Bad,Softness-0.14535845816135406
2025-01-28,2025-01-28_11_01_30_(19230)_mackerel_input.jpeg,(19230)_(1),2,[    0.96383      0.9493],Good,Good,0.97041607
2025-01-28,2025-01-28_11_01_30_(19230)_mackerel_input.jpeg,(19230)_(2),2,[    0.96383      0.9493],Good,Good,0.9531842
2025-01-28,2025-01-28_11_02_05_(19236)_mackerel_input.jpeg,(19236)_(1),2,[    0.95107     0.95566],Good,Good,0.9711154
2025-01-28,2025-01-28_11_02_05_(19236)_mackerel_input.jpeg,(19236)_(2),2,[    0.95107     0.95566],Good,Good,0.97133857
2025-01-28,2025-01-28_11_12_52_(19249)_mackerel_input.jpeg,(19249)_(1),2,[    0.94889     0.93823],Good,Good,0.97263324
2025-01-28,2025-01-28_11_12_52_(19249)_mackerel_input.jpeg,(19249)_(2),2,[    0.94889     0.93823],Good,Bad,Softness-0.18045669794082642
2025-01-28,2025-01-28_11_12_32_(19246)_mackerel_input.jpeg,(19246)_(1),2,[     0.9518     0.95307],Good,Good,0.6427145
2025-01-28,2025-01-28_11_12_32_(19246)_mackerel_input.jpeg,(19246)_(2),2,[     0.9518     0.95307],Good,Good,0.97508025
2025-01-28,2025-01-28_11_01_20_(19228)_mackerel_input.jpeg,(19228)_(1),2,[    0.95524     0.95636],Good,Good,0.9893114
2025-01-28,2025-01-28_11_01_20_(19228)_mackerel_input.jpeg,(19228)_(2),2,[    0.95524     0.95636],Good,Good,0.9610484
2025-01-28,2025-01-28_11_01_35_(19231)_mackerel_input.jpeg,(19231)_(1),2,[    0.94458     0.96077],Good,Good,0.9887468
2025-01-28,2025-01-28_11_01_35_(19231)_mackerel_input.jpeg,(19231)_(2),2,[    0.94458     0.96077],Good,Good,0.96969074
2025-01-28,2025-01-28_11_12_39_(19247)_mackerel_input.jpeg,(19247)_(1),2,[    0.94889     0.95057],Good,Good,0.9553546
2025-01-28,2025-01-28_11_12_39_(19247)_mackerel_input.jpeg,(19247)_(2),2,[    0.94889     0.95057],Good,Good,0.9883569
2025-01-28,2025-01-28_11_01_59_(19235)_mackerel_input.jpeg,(19235)_(1),2,[    0.95508     0.94916],Good,Good,0.9776284
2025-01-28,2025-01-28_11_01_59_(19235)_mackerel_input.jpeg,(19235)_(2),2,[    0.95508     0.94916],Good,Good,0.9727374
2025-01-28,2025-01-28_11_12_26_(19245)_mackerel_input.jpeg,(19245)_(1),2,[    0.94397     0.95633],Good,Good,0.9529317
2025-01-28,2025-01-28_11_12_26_(19245)_mackerel_input.jpeg,(19245)_(2),2,[    0.94397     0.95633],Good,Good,0.97739387
2025-01-28,2025-01-28_11_00_59_(19225)_mackerel_input.jpeg,(19225)_(1),2,[    0.94121     0.94608],Good,Good,0.98492205
2025-01-28,2025-01-28_11_00_59_(19225)_mackerel_input.jpeg,(19225)_(2),2,[    0.94121     0.94608],Good,Good,0.98678607
2025-01-28,2025-01-28_11_12_20_(19244)_mackerel_input.jpeg,(19244)_(1),2,[    0.94393     0.95149],Good,Good,0.98664236
2025-01-28,2025-01-28_11_12_20_(19244)_mackerel_input.jpeg,(19244)_(2),2,[    0.94393     0.95149],Good,Good,0.92989147
2025-01-28,2025-01-28_11_12_14_(19243)_mackerel_input.jpeg,(19243)_(1),2,[    0.95815      0.9553],Good,Good,0.65526676
2025-01-28,2025-01-28_11_12_14_(19243)_mackerel_input.jpeg,(19243)_(2),2,[    0.95815      0.9553],Good,Good,0.98542124
2025-01-28,2025-01-28_11_01_07_(19226)_mackerel_input.jpeg,(19226)_(1),2,[    0.94894     0.95608],Good,Good,0.9901977
2025-01-28,2025-01-28_11_01_07_(19226)_mackerel_input.jpeg,(19226)_(2),2,[    0.94894     0.95608],Good,Good,0.89944214
2025-01-28,2025-01-28_11_01_51_(19234)_mackerel_input.jpeg,(19234)_(1),2,[    0.94707     0.95023],Good,Bad,Softness-0.11645764112472534
2025-01-28,2025-01-28_11_01_51_(19234)_mackerel_input.jpeg,(19234)_(2),2,[    0.94707     0.95023],Good,Good,0.9795116
2025-01-28,2025-01-28_11_12_01_(19241)_mackerel_input.jpeg,(19241)_(1),2,[    0.95341     0.94946],Good,Good,0.96919006
2025-01-28,2025-01-28_11_12_01_(19241)_mackerel_input.jpeg,(19241)_(2),2,[    0.95341     0.94946],Good,Bad,Softness-0.049185313284397125
2025-01-28,2025-01-28_11_11_54_(19240)_mackerel_input.jpeg,(19240)_(1),2,[    0.94533     0.93644],Good,Good,0.98552924
2025-01-28,2025-01-28_11_11_54_(19240)_mackerel_input.jpeg,(19240)_(2),2,[    0.94533     0.93644],Good,Good,0.91930544
2025-01-28,2025-01-28_11_01_46_(19233)_mackerel_input.jpeg,(19233)_(1),2,[    0.94427     0.95528],Good,Good,0.87174505
2025-01-28,2025-01-28_11_01_46_(19233)_mackerel_input.jpeg,(19233)_(2),2,[    0.94427     0.95528],Good,Good,0.9647201
2025-01-28,2025-01-28_11_02_17_(19238)_mackerel_input.jpeg,(19238)_(1),2,[    0.94935     0.94752],Good,Bad,Softness-0.1512846052646637
2025-01-28,2025-01-28_11_02_17_(19238)_mackerel_input.jpeg,(19238)_(2),2,[    0.94935     0.94752],Good,Good,0.9843239
2025-01-28,2025-01-28_11_01_13_(19227)_mackerel_input.jpeg,(19227)_(1),2,[     0.9505     0.95667],Good,Good,0.98860234
2025-01-28,2025-01-28_11_01_13_(19227)_mackerel_input.jpeg,(19227)_(2),2,[     0.9505     0.95667],Good,Good,0.3575571
2025-01-28,2025-01-28_11_01_40_(19232)_mackerel_input.jpeg,(19232)_(1),2,[    0.95535     0.95205],Good,Good,0.9890156
2025-01-28,2025-01-28_11_01_40_(19232)_mackerel_input.jpeg,(19232)_(2),2,[    0.95535     0.95205],Good,Good,0.97629505
2025-01-28,2025-01-28_11_12_45_(19248)_mackerel_input.jpeg,(19248)_(1),2,[    0.95829     0.95093],Good,Good,0.96098834
2025-01-28,2025-01-28_11_12_45_(19248)_mackerel_input.jpeg,(19248)_(2),2,[    0.95829     0.95093],Good,Good,0.9881972
2025-01-28,2025-01-28_11_00_53_(19224)_mackerel_input.jpeg,(19224)_(1),2,[      0.924     0.93793],Good,Good,0.9875984
2025-01-28,2025-01-28_11_00_53_(19224)_mackerel_input.jpeg,(19224)_(2),2,[      0.924     0.93793],Good,Good,0.9247056
2025-01-28,2025-01-28_11_12_09_(19242)_mackerel_input.jpeg,(19242)_(1),2,[    0.95726     0.95145],Good,Good,0.9585519
2025-01-28,2025-01-28_11_12_09_(19242)_mackerel_input.jpeg,(19242)_(2),2,[    0.95726     0.95145],Good,Good,0.9580368
2025-01-28,2025-01-28_11_02_24_(19239)_mackerel_input.jpeg,(19239)_(1),2,[    0.94564     0.94834],Good,Good,0.9877493
2025-01-28,2025-01-28_11_02_24_(19239)_mackerel_input.jpeg,(19239)_(2),2,[    0.94564     0.94834],Good,Good,0.9800191
2025-01-28,2025-01-28_11_02_12_(19237)_mackerel_input.jpeg,(19237)_(1),2,[    0.94243     0.95284],Good,Good,0.9891618
2025-01-28,2025-01-28_11_02_12_(19237)_mackerel_input.jpeg,(19237)_(2),2,[    0.94243     0.95284],Good,Good,0.93090653
2025-01-28,2025-01-28_11_01_25_(19229)_mackerel_input.jpeg,(19229)_(1),2,[    0.94776      0.9373],Good,Good,0.99044937
2025-01-28,2025-01-28_11_01_25_(19229)_mackerel_input.jpeg,(19229)_(2),2,[    0.94776      0.9373],Good,Good,0.94930226
2025-01-02,2025-01-02_10_56_21_(18477)_mackerel_input.jpeg,(18477)_(1),2,[    0.93883      0.9459],Good,Good,0.8822464
2025-01-02,2025-01-02_10_56_21_(18477)_mackerel_input.jpeg,(18477)_(2),2,[    0.93883      0.9459],Good,Good,0.9915651
2025-01-02,2025-01-02_10_50_59_(18454)_mackerel_input.jpeg,(18454)_(1),2,[    0.93882     0.95041],Good,Good,0.98527986
2025-01-02,2025-01-02_10_50_59_(18454)_mackerel_input.jpeg,(18454)_(2),2,[    0.93882     0.95041],Good,Good,0.98538935
2025-01-02,2025-01-02_10_55_56_(18473)_mackerel_input.jpeg,(18473)_(1),2,[    0.94654     0.94521],Good,Good,0.98944443
2025-01-02,2025-01-02_10_55_56_(18473)_mackerel_input.jpeg,(18473)_(2),2,[    0.94654     0.94521],Good,Good,0.4482595
2025-01-02,2025-01-02_10_56_08_(18475)_mackerel_input.jpeg,(18475)_(1),2,[    0.94727     0.94305],Good,Good,0.98939824
2025-01-02,2025-01-02_10_56_08_(18475)_mackerel_input.jpeg,(18475)_(2),2,[    0.94727     0.94305],Good,Good,0.9909668
2025-01-02,2025-01-02_10_47_08_(18436)_mackerel_input.jpeg,(18436)_(1),2,[    0.94738     0.94453],Good,Good,0.2760806
2025-01-02,2025-01-02_10_47_08_(18436)_mackerel_input.jpeg,(18436)_(2),2,[    0.94738     0.94453],Good,Good,0.97016764
2025-01-02,2025-01-02_10_55_31_(18469)_mackerel_input.jpeg,(18469)_(1),2,[    0.94066     0.93886],Good,Good,0.98276305
2025-01-02,2025-01-02_10_55_31_(18469)_mackerel_input.jpeg,(18469)_(2),2,[    0.94066     0.93886],Good,Good,0.9794935
2025-01-02,2025-01-02_10_39_19_(18406)_mackerel_input.jpeg,(18406)_(1),2,[    0.92736     0.94377],Good,Good,0.98477286
2025-01-02,2025-01-02_10_39_19_(18406)_mackerel_input.jpeg,(18406)_(2),2,[    0.92736     0.94377],Good,Bad,Damaged-0.8853150606155396
2025-01-02,2025-01-02_10_55_42_(18471)_mackerel_input.jpeg,(18471)_(1),2,[    0.94887      0.9285],Good,Good,0.9822682
2025-01-02,2025-01-02_10_55_42_(18471)_mackerel_input.jpeg,(18471)_(2),2,[    0.94887      0.9285],Good,Bad,Softness-0.04065362364053726
2025-01-02,2025-01-02_10_45_36_(18428)_mackerel_input.jpeg,(18428)_(1),2,[    0.95255     0.94964],Good,Good,0.98310757
2025-01-02,2025-01-02_10_45_36_(18428)_mackerel_input.jpeg,(18428)_(2),2,[    0.95255     0.94964],Good,Good,0.98937356
2025-01-02,2025-01-02_10_51_29_(18458)_mackerel_input.jpeg,(18458)_(1),2,[    0.95618     0.95216],Good,Good,0.95391655
2025-01-02,2025-01-02_10_51_29_(18458)_mackerel_input.jpeg,(18458)_(2),2,[    0.95618     0.95216],Good,Good,0.96813047
2025-01-02,2025-01-02_10_51_17_(18456)_mackerel_input.jpeg,(18456)_(1),2,[    0.95218     0.95303],Good,Good,0.91939956
2025-01-02,2025-01-02_10_51_17_(18456)_mackerel_input.jpeg,(18456)_(2),2,[    0.95218     0.95303],Good,Good,0.96575564
2025-01-02,2025-01-02_10_52_28_(18466)_mackerel_input.jpeg,(18466)_(1),2,[    0.95605     0.93809],Good,Good,0.98629
2025-01-02,2025-01-02_10_52_28_(18466)_mackerel_input.jpeg,(18466)_(2),2,[    0.95605     0.93809],Good,Good,0.95312333
2025-01-02,2025-01-02_10_52_18_(18465)_mackerel_input.jpeg,(18465)_(1),2,[    0.95363     0.93779],Good,Good,0.80448747
2025-01-02,2025-01-02_10_52_18_(18465)_mackerel_input.jpeg,(18465)_(2),2,[    0.95363     0.93779],Good,Good,0.98128235
2025-01-02,2025-01-02_10_47_27_(18439)_mackerel_input.jpeg,(18439)_(1),2,[    0.93612     0.94364],Good,Good,0.96959114
2025-01-02,2025-01-02_10_47_27_(18439)_mackerel_input.jpeg,(18439)_(2),2,[    0.93612     0.94364],Good,Good,0.97183454
2025-01-02,2025-01-02_10_47_00_(18435)_mackerel_input.jpeg,(18435)_(1),2,[    0.95709     0.93634],Good,Bad,Softness-0.09694388508796692
2025-01-02,2025-01-02_10_47_00_(18435)_mackerel_input.jpeg,(18435)_(2),2,[    0.95709     0.93634],Good,Good,0.98647314
2025-01-02,2025-01-02_10_51_08_(18455)_mackerel_input.jpeg,(18455)_(1),2,[    0.94468     0.94653],Good,Good,0.98775107
2025-01-02,2025-01-02_10_51_08_(18455)_mackerel_input.jpeg,(18455)_(2),2,[    0.94468     0.94653],Good,Good,0.9821635
2025-01-02,2025-01-02_10_45_29_(18427)_mackerel_input.jpeg,(18427)_(1),2,[    0.95507     0.93113],Good,Good,0.9484914
2025-01-02,2025-01-02_10_45_29_(18427)_mackerel_input.jpeg,(18427)_(2),2,[    0.95507     0.93113],Good,Good,0.8887562
2025-01-02,2025-01-02_10_41_42_(18422)_mackerel_input.jpeg,(18422)_(1),2,[    0.95222     0.94906],Good,Good,0.9883873
2025-01-02,2025-01-02_10_41_42_(18422)_mackerel_input.jpeg,(18422)_(2),2,[    0.95222     0.94906],Good,Good,0.9809741
2025-01-02,2025-01-02_10_39_28_(18407)_mackerel_input.jpeg,(18407)_(1),2,[    0.95069      0.9436],Good,Good,0.9796057
2025-01-02,2025-01-02_10_39_28_(18407)_mackerel_input.jpeg,(18407)_(2),2,[    0.95069      0.9436],Good,Good,0.8312118
2025-01-02,2025-01-02_10_39_50_(18409)_mackerel_input.jpeg,(18409)_(1),2,[    0.95842     0.95429],Good,Good,0.9716921
2025-01-02,2025-01-02_10_39_50_(18409)_mackerel_input.jpeg,(18409)_(2),2,[    0.95842     0.95429],Good,Good,0.9836389
2025-01-02,2025-01-02_10_40_09_(18411)_mackerel_input.jpeg,(18411)_(1),2,[    0.94831     0.96033],Good,Good,0.6278267
2025-01-02,2025-01-02_10_40_09_(18411)_mackerel_input.jpeg,(18411)_(2),2,[    0.94831     0.96033],Good,Bad,Damaged-0.8601792454719543
2025-01-02,2025-01-02_10_52_12_(18464)_mackerel_input.jpeg,(18464)_(1),2,[    0.94571     0.94165],Good,Good,0.9887411
2025-01-02,2025-01-02_10_52_12_(18464)_mackerel_input.jpeg,(18464)_(2),2,[    0.94571     0.94165],Good,Good,0.969872
2025-01-02,2025-01-02_10_51_45_(18460)_mackerel_input.jpeg,(18460)_(1),2,[    0.94626     0.95644],Good,Good,0.9871002
2025-01-02,2025-01-02_10_51_45_(18460)_mackerel_input.jpeg,(18460)_(2),2,[    0.94626     0.95644],Good,Good,0.94565225
2025-01-02,2025-01-02_10_41_22_(18419)_mackerel_input.jpeg,(18419)_(1),2,[    0.94619     0.94923],Good,Good,0.9621335
2025-01-02,2025-01-02_10_41_22_(18419)_mackerel_input.jpeg,(18419)_(2),2,[    0.94619     0.94923],Good,Good,0.98371524
2025-01-02,2025-01-02_10_40_47_(18415)_mackerel_input.jpeg,(18415)_(1),2,[    0.95524     0.95446],Good,Good,0.96830076
2025-01-02,2025-01-02_10_40_47_(18415)_mackerel_input.jpeg,(18415)_(2),2,[    0.95524     0.95446],Good,Good,0.97914267
2025-01-02,2025-01-02_10_41_35_(18421)_mackerel_input.jpeg,(18421)_(1),2,[    0.94101     0.94894],Good,Good,0.97728825
2025-01-02,2025-01-02_10_41_35_(18421)_mackerel_input.jpeg,(18421)_(2),2,[    0.94101     0.94894],Good,Good,0.98813564
2025-01-02,2025-01-02_10_41_50_(18423)_mackerel_input.jpeg,(18423)_(1),2,[    0.93862     0.94975],Good,Good,0.98585427
2025-01-02,2025-01-02_10_41_50_(18423)_mackerel_input.jpeg,(18423)_(2),2,[    0.93862     0.94975],Good,Good,0.981723
2025-01-02,2025-01-02_10_48_00_(18444)_mackerel_input.jpeg,(18444)_(1),2,[    0.95982     0.95274],Good,Good,0.9803872
2025-01-02,2025-01-02_10_48_00_(18444)_mackerel_input.jpeg,(18444)_(2),2,[    0.95982     0.95274],Good,Good,0.983109
2025-01-02,2025-01-02_10_41_12_(18418)_mackerel_input.jpeg,(18418)_(1),2,[    0.94685     0.94823],Good,Good,0.97984254
2025-01-02,2025-01-02_10_41_12_(18418)_mackerel_input.jpeg,(18418)_(2),2,[    0.94685     0.94823],Good,Good,0.98652476
2025-01-02,2025-01-02_10_48_18_(18447)_mackerel_input.jpeg,(18447)_(1),2,[    0.93609     0.95492],Good,Good,0.9628595
2025-01-02,2025-01-02_10_48_18_(18447)_mackerel_input.jpeg,(18447)_(2),2,[    0.93609     0.95492],Good,Good,0.75807214
2025-01-02,2025-01-02_10_48_13_(18446)_mackerel_input.jpeg,(18446)_(1),2,[    0.95055      0.9483],Good,Good,0.9884226
2025-01-02,2025-01-02_10_48_13_(18446)_mackerel_input.jpeg,(18446)_(2),2,[    0.95055      0.9483],Good,Good,0.97375613
2025-01-02,2025-01-02_10_46_24_(18430)_mackerel_input.jpeg,(18430)_(1),2,[    0.94547     0.95041],Good,Good,0.900865
2025-01-02,2025-01-02_10_46_24_(18430)_mackerel_input.jpeg,(18430)_(2),2,[    0.94547     0.95041],Good,Good,0.982711
2025-01-02,2025-01-02_10_55_37_(18470)_mackerel_input.jpeg,(18470)_(1),2,[    0.94129     0.95564],Good,Good,0.9881794
2025-01-02,2025-01-02_10_55_37_(18470)_mackerel_input.jpeg,(18470)_(2),2,[    0.94129     0.95564],Good,Good,0.9827746
2025-01-02,2025-01-02_10_48_08_(18445)_mackerel_input.jpeg,(18445)_(1),2,[     0.9341     0.94407],Good,Good,0.9696591
2025-01-02,2025-01-02_10_48_08_(18445)_mackerel_input.jpeg,(18445)_(2),2,[     0.9341     0.94407],Good,Good,0.9790696
2025-01-02,2025-01-02_10_47_33_(18440)_mackerel_input.jpeg,(18440)_(1),2,[    0.95111     0.95672],Good,Good,0.9665898
2025-01-02,2025-01-02_10_47_33_(18440)_mackerel_input.jpeg,(18440)_(2),2,[    0.95111     0.95672],Good,Good,0.9907715
2025-01-02,2025-01-02_10_56_00_(18474)_mackerel_input.jpeg,(18474)_(1),2,[    0.93084     0.94622],Good,Good,0.97024834
2025-01-02,2025-01-02_10_56_00_(18474)_mackerel_input.jpeg,(18474)_(2),2,[    0.93084     0.94622],Good,Good,0.9644392
2025-01-02,2025-01-02_10_46_32_(18431)_mackerel_input.jpeg,(18431)_(1),2,[    0.94643     0.93717],Good,Good,0.9409284
2025-01-02,2025-01-02_10_46_32_(18431)_mackerel_input.jpeg,(18431)_(2),2,[    0.94643     0.93717],Good,Good,0.96824783
2025-01-02,2025-01-02_10_40_17_(18412)_mackerel_input.jpeg,(18412)_(1),2,[    0.94314     0.94684],Good,Good,0.9527761
2025-01-02,2025-01-02_10_40_17_(18412)_mackerel_input.jpeg,(18412)_(2),2,[    0.94314     0.94684],Good,Good,0.97440684
2025-01-02,2025-01-02_10_40_00_(18410)_mackerel_input.jpeg,(18410)_(1),2,[     0.9409     0.94325],Good,Good,0.9534556
2025-01-02,2025-01-02_10_40_00_(18410)_mackerel_input.jpeg,(18410)_(2),2,[     0.9409     0.94325],Good,Good,0.98910636
2025-01-02,2025-01-02_10_47_14_(18437)_mackerel_input.jpeg,(18437)_(1),2,[    0.94316     0.94314],Good,Good,0.9702008
2025-01-02,2025-01-02_10_47_14_(18437)_mackerel_input.jpeg,(18437)_(2),2,[    0.94316     0.94314],Good,Bad,Softness-0.2069973349571228
2025-01-02,2025-01-02_10_40_40_(18414)_mackerel_input.jpeg,(18414)_(1),2,[    0.95166      0.9479],Good,Good,0.97570944
2025-01-02,2025-01-02_10_40_40_(18414)_mackerel_input.jpeg,(18414)_(2),2,[    0.95166      0.9479],Good,Good,0.9633407
2025-01-02,2025-01-02_10_39_38_(18408)_mackerel_input.jpeg,(18408)_(1),2,[    0.95416       0.936],Good,Bad,Damaged-0.8556718230247498
2025-01-02,2025-01-02_10_39_38_(18408)_mackerel_input.jpeg,(18408)_(2),2,[    0.95416       0.936],Good,Good,0.9838877
2025-01-02,2025-01-02_10_40_25_(18413)_mackerel_input.jpeg,(18413)_(1),2,[    0.94131     0.95112],Good,Good,0.9768587
2025-01-02,2025-01-02_10_40_25_(18413)_mackerel_input.jpeg,(18413)_(2),2,[    0.94131     0.95112],Good,Good,0.9876484
2025-01-02,2025-01-02_10_48_45_(18450)_mackerel_input.jpeg,(18450)_(1),2,[    0.95115     0.95812],Good,Good,0.9885772
2025-01-02,2025-01-02_10_48_45_(18450)_mackerel_input.jpeg,(18450)_(2),2,[    0.95115     0.95812],Good,Good,0.9760889
2025-01-02,2025-01-02_10_51_24_(18457)_mackerel_input.jpeg,(18457)_(1),2,[    0.95788     0.95704],Good,Good,0.9734213
2025-01-02,2025-01-02_10_51_24_(18457)_mackerel_input.jpeg,(18457)_(2),2,[    0.95788     0.95704],Good,Good,0.9714452
2025-01-02,2025-01-02_10_52_05_(18463)_mackerel_input.jpeg,(18463)_(1),2,[    0.94955     0.94505],Good,Good,0.9776228
2025-01-02,2025-01-02_10_52_05_(18463)_mackerel_input.jpeg,(18463)_(2),2,[    0.94955     0.94505],Good,Good,0.9859646
2025-01-02,2025-01-02_10_47_52_(18443)_mackerel_input.jpeg,(18443)_(1),2,[    0.96185     0.94999],Good,Good,0.6690131
2025-01-02,2025-01-02_10_47_52_(18443)_mackerel_input.jpeg,(18443)_(2),2,[    0.96185     0.94999],Good,Good,0.98556006
2025-01-02,2025-01-02_10_48_28_(18448)_mackerel_input.jpeg,(18448)_(1),2,[     0.9421     0.95008],Good,Good,0.984946
2025-01-02,2025-01-02_10_48_28_(18448)_mackerel_input.jpeg,(18448)_(2),2,[     0.9421     0.95008],Good,Good,0.981074
2025-01-02,2025-01-02_10_46_52_(18434)_mackerel_input.jpeg,(18434)_(1),2,[    0.95766     0.94744],Good,Good,0.8277972
2025-01-02,2025-01-02_10_46_52_(18434)_mackerel_input.jpeg,(18434)_(2),2,[    0.95766     0.94744],Good,Good,0.9518808
2025-01-02,2025-01-02_10_56_49_(18481)_mackerel_input.jpeg,(18481)_(1),2,[    0.94858     0.94145],Good,Good,0.98352104
2025-01-02,2025-01-02_10_56_49_(18481)_mackerel_input.jpeg,(18481)_(2),2,[    0.94858     0.94145],Good,Good,0.98615617
2025-01-02,2025-01-02_10_47_22_(18438)_mackerel_input.jpeg,(18438)_(1),2,[    0.94547     0.93957],Good,Good,0.38216394
2025-01-02,2025-01-02_10_47_22_(18438)_mackerel_input.jpeg,(18438)_(2),2,[    0.94547     0.93957],Good,Good,0.96348983
2025-01-02,2025-01-02_10_50_45_(18452)_mackerel_input.jpeg,(18452)_(1),2,[    0.95664      0.9402],Good,Good,0.96885127
2025-01-02,2025-01-02_10_50_45_(18452)_mackerel_input.jpeg,(18452)_(2),2,[    0.95664      0.9402],Good,Good,0.9354333
2025-01-02,2025-01-02_10_51_38_(18459)_mackerel_input.jpeg,(18459)_(1),2,[    0.95788     0.95846],Good,Good,0.98268604
2025-01-02,2025-01-02_10_51_38_(18459)_mackerel_input.jpeg,(18459)_(2),2,[    0.95788     0.95846],Good,Good,0.9621156
2025-01-02,2025-01-02_10_56_14_(18476)_mackerel_input.jpeg,(18476)_(1),2,[    0.94092     0.94712],Good,Good,0.9808728
2025-01-02,2025-01-02_10_56_14_(18476)_mackerel_input.jpeg,(18476)_(2),2,[    0.94092     0.94712],Good,Good,0.99047846
2025-01-02,2025-01-02_10_41_57_(18424)_mackerel_input.jpeg,(18424)_(1),2,[    0.94135     0.94248],Good,Good,0.94161963
2025-01-02,2025-01-02_10_41_57_(18424)_mackerel_input.jpeg,(18424)_(2),2,[    0.94135     0.94248],Good,Good,0.9884477
2025-01-02,2025-01-02_10_46_39_(18432)_mackerel_input.jpeg,(18432)_(1),2,[    0.94529     0.95487],Good,Good,0.98879766
2025-01-02,2025-01-02_10_46_39_(18432)_mackerel_input.jpeg,(18432)_(2),2,[    0.94529     0.95487],Good,Good,0.98540354
2025-01-02,2025-01-02_10_48_36_(18449)_mackerel_input.jpeg,(18449)_(1),2,[    0.94603     0.94112],Good,Good,0.9755977
2025-01-02,2025-01-02_10_48_36_(18449)_mackerel_input.jpeg,(18449)_(2),2,[    0.94603     0.94112],Good,Good,0.95816
2025-01-02,2025-01-02_10_47_41_(18441)_mackerel_input.jpeg,(18441)_(1),2,[     0.9456     0.94767],Good,Good,0.75108117
2025-01-02,2025-01-02_10_47_41_(18441)_mackerel_input.jpeg,(18441)_(2),2,[     0.9456     0.94767],Good,Good,0.98838043
2025-01-02,2025-01-02_10_42_04_(18425)_mackerel_input.jpeg,(18425)_(1),2,[    0.94383     0.94205],Good,Good,0.88559663
2025-01-02,2025-01-02_10_42_04_(18425)_mackerel_input.jpeg,(18425)_(2),2,[    0.94383     0.94205],Good,Good,0.97670686
2025-01-02,2025-01-02_10_52_36_(18467)_mackerel_input.jpeg,(18467)_(1),2,[    0.95798      0.9572],Good,Good,0.98179024
2025-01-02,2025-01-02_10_52_36_(18467)_mackerel_input.jpeg,(18467)_(2),2,[    0.95798      0.9572],Good,Good,0.9452441
2025-01-02,2025-01-02_10_56_35_(18479)_mackerel_input.jpeg,(18479)_(1),2,[    0.93449     0.92992],Good,Good,0.97605354
2025-01-02,2025-01-02_10_56_35_(18479)_mackerel_input.jpeg,(18479)_(2),2,[    0.93449     0.92992],Good,Good,0.9900667
2025-01-02,2025-01-02_10_41_28_(18420)_mackerel_input.jpeg,(18420)_(1),2,[    0.94358      0.9379],Good,Good,0.987665
2025-01-02,2025-01-02_10_41_28_(18420)_mackerel_input.jpeg,(18420)_(2),2,[    0.94358      0.9379],Good,Good,0.9680131
2025-01-02,2025-01-02_10_41_02_(18417)_mackerel_input.jpeg,(18417)_(1),2,[    0.95012     0.94516],Good,Good,0.9890198
2025-01-02,2025-01-02_10_41_02_(18417)_mackerel_input.jpeg,(18417)_(2),2,[    0.95012     0.94516],Good,Good,0.9736377
2025-01-02,2025-01-02_10_38_59_(18405)_mackerel_input.jpeg,(18405)_(1),2,[    0.95001     0.93806],Good,Good,0.98889285
2025-01-02,2025-01-02_10_38_59_(18405)_mackerel_input.jpeg,(18405)_(2),2,[    0.95001     0.93806],Good,Good,0.9861946
2025-01-02,2025-01-02_10_50_53_(18453)_mackerel_input.jpeg,(18453)_(1),2,[    0.94055     0.93942],Good,Good,0.98659056
2025-01-02,2025-01-02_10_50_53_(18453)_mackerel_input.jpeg,(18453)_(2),2,[    0.94055     0.93942],Good,Good,0.9877255
2025-01-02,2025-01-02_10_50_41_(18451)_mackerel_input.jpeg,(18451)_(1),2,[    0.95845     0.94637],Good,Good,0.9538879
2025-01-02,2025-01-02_10_50_41_(18451)_mackerel_input.jpeg,(18451)_(2),2,[    0.95845     0.94637],Good,Good,0.983393
2025-01-02,2025-01-02_10_46_45_(18433)_mackerel_input.jpeg,(18433)_(1),2,[    0.95964     0.95222],Good,Good,0.9765199
2025-01-02,2025-01-02_10_46_45_(18433)_mackerel_input.jpeg,(18433)_(2),2,[    0.95964     0.95222],Good,Good,0.97983223
2025-01-02,2025-01-02_10_55_26_(18468)_mackerel_input.jpeg,(18468)_(1),2,[    0.94299     0.95223],Good,Good,0.9869026
2025-01-02,2025-01-02_10_55_26_(18468)_mackerel_input.jpeg,(18468)_(2),2,[    0.94299     0.95223],Good,Good,0.9539495
2025-01-02,2025-01-02_10_56_29_(18478)_mackerel_input.jpeg,(18478)_(1),2,[    0.93173     0.94643],Good,Good,0.9721083
2025-01-02,2025-01-02_10_56_29_(18478)_mackerel_input.jpeg,(18478)_(2),2,[    0.93173     0.94643],Good,Good,0.9807266
2025-01-02,2025-01-02_10_47_45_(18442)_mackerel_input.jpeg,(18442)_(1),2,[    0.94228     0.93578],Good,Good,0.96335787
2025-01-02,2025-01-02_10_47_45_(18442)_mackerel_input.jpeg,(18442)_(2),2,[    0.94228     0.93578],Good,Good,0.9894472
2025-01-02,2025-01-02_10_56_42_(18480)_mackerel_input.jpeg,(18480)_(1),2,[    0.94626     0.93913],Good,Good,0.86200124
2025-01-02,2025-01-02_10_56_42_(18480)_mackerel_input.jpeg,(18480)_(2),2,[    0.94626     0.93913],Good,Good,0.9807901
2025-01-02,2025-01-02_10_42_12_(18426)_mackerel_input.jpeg,(18426)_(1),2,[    0.95091     0.94616],Good,Good,0.9893447
2025-01-02,2025-01-02_10_42_12_(18426)_mackerel_input.jpeg,(18426)_(2),2,[    0.95091     0.94616],Good,Good,0.8734823
2025-01-02,2025-01-02_10_51_51_(18461)_mackerel_input.jpeg,(18461)_(1),2,[    0.94614     0.94907],Good,Good,0.9783542
2025-01-02,2025-01-02_10_51_51_(18461)_mackerel_input.jpeg,(18461)_(2),2,[    0.94614     0.94907],Good,Good,0.7737203
2025-01-02,2025-01-02_10_55_50_(18472)_mackerel_input.jpeg,(18472)_(1),2,[    0.95086     0.95037],Good,Good,0.9731158
2025-01-02,2025-01-02_10_55_50_(18472)_mackerel_input.jpeg,(18472)_(2),2,[    0.95086     0.95037],Good,Good,0.9860772
2025-01-02,2025-01-02_10_40_53_(18416)_mackerel_input.jpeg,(18416)_(1),2,[    0.95287     0.93822],Good,Good,0.9899797
2025-01-02,2025-01-02_10_40_53_(18416)_mackerel_input.jpeg,(18416)_(2),2,[    0.95287     0.93822],Good,Good,0.9813812
2025-01-02,2025-01-02_10_52_00_(18462)_mackerel_input.jpeg,(18462)_(1),2,[    0.95106      0.9386],Good,Good,0.9846592
2025-01-02,2025-01-02_10_52_00_(18462)_mackerel_input.jpeg,(18462)_(2),2,[    0.95106      0.9386],Good,Good,0.9866093
